序号,编码,日期,价格,商品名称
1,1101010501,2021/1/29,23.9,【芭芭农场】云南高原水果玉米4支装中大果250g当季新鲜蔬菜
1,1101010501,2021/1/30,23.9,【芭芭农场】云南高原水果玉米4支装中大果250g当季新鲜蔬菜
1,1101010501,2021/1/31,23.9,【芭芭农场】云南高原水果玉米4支装中大果250g当季新鲜蔬菜
1,1101010501,2021/2/1,23.9,【芭芭农场】云南高原水果玉米4支装中大果250g当季新鲜蔬菜
1,1101010501,2021/2/2,23.9,【芭芭农场】云南高原水果玉米4支装中大果250g当季新鲜蔬菜
1,1101010501,2021/2/3,23.9,【芭芭农场】云南高原水果玉米4支装中大果250g当季新鲜蔬菜
1,1101010501,2021/2/4,23.9,【芭芭农场】云南高原水果玉米4支装中大果250g当季新鲜蔬菜
1,1101010501,2021/2/5,23.9,【芭芭农场】云南高原水果玉米4支装中大果250g当季新鲜蔬菜
1,1101010501,2021/2/6,23.9,【芭芭农场】云南高原水果玉米4支装中大果250g当季新鲜蔬菜
1,1101010501,2021/2/7,23.9,【芭芭农场】云南高原水果玉米4支装中大果250g当季新鲜蔬菜
1,1101010501,2021/2/8,23.9,【芭芭农场】云南高原水果玉米4支装中大果250g当季新鲜蔬菜
1,1101010501,2021/2/9,23.9,【芭芭农场】云南高原水果玉米4支装中大果250g当季新鲜蔬菜
1,1101010501,2021/2/10,23.9,【芭芭农场】云南高原水果玉米4支装中大果250g当季新鲜蔬菜
1,1101010501,2021/2/11,23.9,【芭芭农场】云南高原水果玉米4支装中大果250g当季新鲜蔬菜
1,1101010501,2021/2/12,23.9,【芭芭农场】云南高原水果玉米4支装中大果250g当季新鲜蔬菜
1,1101010501,2021/2/13,23.9,【芭芭农场】云南高原水果玉米4支装中大果250g当季新鲜蔬菜
1,1101010501,2021/2/14,23.9,【芭芭农场】云南高原水果玉米4支装中大果250g当季新鲜蔬菜
1,1101010501,2021/2/15,23.9,【芭芭农场】云南高原水果玉米4支装中大果250g当季新鲜蔬菜
1,1101010501,2021/2/16,23.9,【芭芭农场】云南高原水果玉米4支装中大果250g当季新鲜蔬菜
1,1101010501,2021/2/17,23.9,【芭芭农场】云南高原水果玉米4支装中大果250g当季新鲜蔬菜
1,1101010501,2021/2/18,23.9,【芭芭农场】云南高原水果玉米4支装中大果250g当季新鲜蔬菜
1,1101010501,2021/2/19,23.9,【芭芭农场】云南高原水果玉米4支装中大果250g当季新鲜蔬菜
1,1101010501,2021/2/20,23.9,【芭芭农场】云南高原水果玉米4支装中大果250g当季新鲜蔬菜
1,1101010501,2021/2/21,23.9,【芭芭农场】云南高原水果玉米4支装中大果250g当季新鲜蔬菜
1,1101010501,2021/2/22,23.9,【芭芭农场】云南高原水果玉米4支装中大果250g当季新鲜蔬菜
1,1101010501,2021/2/23,23.9,【芭芭农场】云南高原水果玉米4支装中大果250g当季新鲜蔬菜
1,1101010501,2021/2/24,23.9,【芭芭农场】云南高原水果玉米4支装中大果250g当季新鲜蔬菜
1,1101010501,2021/2/25,23.9,【芭芭农场】云南高原水果玉米4支装中大果250g当季新鲜蔬菜
1,1101010501,2021/2/26,23.9,【芭芭农场】云南高原水果玉米4支装中大果250g当季新鲜蔬菜
1,1101010501,2021/2/27,23.9,【芭芭农场】云南高原水果玉米4支装中大果250g当季新鲜蔬菜
1,1101010501,2021/2/28,23.9,【芭芭农场】云南高原水果玉米4支装中大果250g当季新鲜蔬菜
1,1101010501,2021/3/1,23.9,【芭芭农场】云南高原水果玉米4支装中大果250g当季新鲜蔬菜
1,1101010501,2021/3/2,23.9,【芭芭农场】云南高原水果玉米4支装中大果250g当季新鲜蔬菜
1,1101010501,2021/3/3,23.9,【芭芭农场】云南高原水果玉米4支装中大果250g当季新鲜蔬菜
1,1101010501,2021/3/4,23.9,【芭芭农场】云南高原水果玉米4支装中大果250g当季新鲜蔬菜
1,1101010501,2021/3/5,23.9,【芭芭农场】云南高原水果玉米4支装中大果250g当季新鲜蔬菜
1,1101010501,2021/3/6,23.9,【芭芭农场】云南高原水果玉米4支装中大果250g当季新鲜蔬菜
1,1101010501,2021/3/7,23.9,【芭芭农场】云南高原水果玉米4支装中大果250g当季新鲜蔬菜
1,1101010501,2021/3/8,23.9,【芭芭农场】云南高原水果玉米4支装中大果250g当季新鲜蔬菜
1,1101010501,2021/3/9,23.9,【芭芭农场】云南高原水果玉米4支装中大果250g当季新鲜蔬菜
1,1101010501,2021/3/10,23.9,【芭芭农场】云南高原水果玉米4支装中大果250g当季新鲜蔬菜
1,1101010501,2021/3/11,23.9,【芭芭农场】云南高原水果玉米4支装中大果250g当季新鲜蔬菜
1,1101010501,2021/3/12,23.9,【芭芭农场】云南高原水果玉米4支装中大果250g当季新鲜蔬菜
1,1101010501,2021/3/13,23.9,【芭芭农场】云南高原水果玉米4支装中大果250g当季新鲜蔬菜
1,1101010501,2021/3/14,23.9,【芭芭农场】云南高原水果玉米4支装中大果250g当季新鲜蔬菜
1,1101010501,2021/3/15,23.9,【芭芭农场】云南高原水果玉米4支装中大果250g当季新鲜蔬菜
1,1101010501,2021/3/16,23.9,【芭芭农场】云南高原水果玉米4支装中大果250g当季新鲜蔬菜
1,1101010501,2021/3/17,23.9,【芭芭农场】云南高原水果玉米4支装中大果250g当季新鲜蔬菜
1,1101010501,2021/3/18,23.9,【芭芭农场】云南高原水果玉米4支装中大果250g当季新鲜蔬菜
1,1101010501,2021/3/19,23.9,【芭芭农场】云南高原水果玉米4支装中大果250g当季新鲜蔬菜
1,1101010501,2021/3/20,23.9,【芭芭农场】云南高原水果玉米4支装中大果250g当季新鲜蔬菜
1,1101010501,2021/3/21,23.9,【芭芭农场】云南高原水果玉米4支装中大果250g当季新鲜蔬菜
1,1101010501,2021/3/22,23.9,【芭芭农场】云南高原水果玉米4支装中大果250g当季新鲜蔬菜
1,1101010501,2021/3/23,23.9,【芭芭农场】云南高原水果玉米4支装中大果250g当季新鲜蔬菜
1,1101010501,2021/3/24,23.9,【芭芭农场】云南高原水果玉米4支装中大果250g当季新鲜蔬菜
1,1101010501,2021/3/25,23.9,【芭芭农场】云南高原水果玉米4支装中大果250g当季新鲜蔬菜
1,1101010501,2021/3/26,23.9,【芭芭农场】云南高原水果玉米4支装中大果250g当季新鲜蔬菜
1,1101010501,2021/3/27,23.9,【芭芭农场】云南高原水果玉米4支装中大果250g当季新鲜蔬菜
1,1101010501,2021/3/28,23.9,【芭芭农场】云南高原水果玉米4支装中大果250g当季新鲜蔬菜
1,1101010501,2021/3/29,23.9,【芭芭农场】云南高原水果玉米4支装中大果250g当季新鲜蔬菜
1,1101010501,2021/3/30,23.9,【芭芭农场】云南高原水果玉米4支装中大果250g当季新鲜蔬菜
1,1101010501,2021/3/31,23.9,【芭芭农场】云南高原水果玉米4支装中大果250g当季新鲜蔬菜
1,1101010501,2021/4/1,23.9,【芭芭农场】云南高原水果玉米4支装中大果250g当季新鲜蔬菜
1,1101010501,2021/4/2,23.9,【芭芭农场】云南高原水果玉米4支装中大果250g当季新鲜蔬菜
1,1101010501,2021/4/3,23.9,【芭芭农场】云南高原水果玉米4支装中大果250g当季新鲜蔬菜
1,1101010501,2021/4/4,23.9,【芭芭农场】云南高原水果玉米4支装中大果250g当季新鲜蔬菜
1,1101010501,2021/4/5,23.9,【芭芭农场】云南高原水果玉米4支装中大果250g当季新鲜蔬菜
1,1101010501,2021/4/6,23.9,【芭芭农场】云南高原水果玉米4支装中大果250g当季新鲜蔬菜
1,1101010501,2021/4/7,23.9,【芭芭农场】云南高原水果玉米4支装中大果250g当季新鲜蔬菜
1,1101010501,2021/4/8,23.9,【芭芭农场】云南高原水果玉米4支装中大果250g当季新鲜蔬菜
1,1101010501,2021/4/9,23.9,【芭芭农场】云南高原水果玉米4支装中大果250g当季新鲜蔬菜
1,1101010501,2021/4/10,23.9,【芭芭农场】云南高原水果玉米4支装中大果250g当季新鲜蔬菜
1,1101010501,2021/4/11,23.9,【芭芭农场】云南高原水果玉米4支装中大果250g当季新鲜蔬菜
1,1101010501,2021/4/12,23.9,【芭芭农场】云南高原水果玉米4支装中大果250g当季新鲜蔬菜
1,1101010501,2021/4/13,23.9,【芭芭农场】云南高原水果玉米4支装中大果250g当季新鲜蔬菜
1,1101010501,2021/4/14,23.9,【芭芭农场】云南高原水果玉米4支装中大果250g当季新鲜蔬菜
1,1101010501,2021/4/15,23.9,【芭芭农场】云南高原水果玉米4支装中大果250g当季新鲜蔬菜
1,1101010501,2021/4/16,23.9,【芭芭农场】云南高原水果玉米4支装中大果250g当季新鲜蔬菜
1,1101010501,2021/4/17,23.9,【芭芭农场】云南高原水果玉米4支装中大果250g当季新鲜蔬菜
1,1101010501,2021/4/18,23.9,【芭芭农场】云南高原水果玉米4支装中大果250g当季新鲜蔬菜
1,1101010501,2021/4/19,23.9,【芭芭农场】云南高原水果玉米4支装中大果250g当季新鲜蔬菜
1,1101010501,2021/4/20,23.9,【芭芭农场】云南高原水果玉米4支装中大果250g当季新鲜蔬菜
1,1101010501,2021/4/21,23.9,【芭芭农场】云南高原水果玉米4支装中大果250g当季新鲜蔬菜
1,1101010501,2021/4/22,23.9,【芭芭农场】云南高原水果玉米4支装中大果250g当季新鲜蔬菜
1,1101010501,2021/4/23,23.9,【芭芭农场】云南高原水果玉米4支装中大果250g当季新鲜蔬菜
1,1101010501,2021/4/24,23.9,【芭芭农场】云南高原水果玉米4支装中大果250g当季新鲜蔬菜
1,1101010501,2021/4/25,23.9,【芭芭农场】云南高原水果玉米4支装中大果250g当季新鲜蔬菜
1,1101010501,2021/4/26,23.9,【芭芭农场】云南高原水果玉米4支装中大果250g当季新鲜蔬菜
1,1101010501,2021/4/27,23.9,【芭芭农场】云南高原水果玉米4支装中大果250g当季新鲜蔬菜
1,1101010501,2021/4/28,23.9,【芭芭农场】云南高原水果玉米4支装中大果250g当季新鲜蔬菜
1,1101010501,2021/4/29,23.9,【芭芭农场】云南高原水果玉米4支装中大果250g当季新鲜蔬菜
1,1101010501,2021/4/30,23.9,【芭芭农场】云南高原水果玉米4支装中大果250g当季新鲜蔬菜
1,1101010501,2021/5/1,23.9,【芭芭农场】云南高原水果玉米4支装中大果250g当季新鲜蔬菜
1,1101010501,2021/5/2,23.9,【芭芭农场】云南高原水果玉米4支装中大果250g当季新鲜蔬菜
1,1101010501,2021/5/3,23.9,【芭芭农场】云南高原水果玉米4支装中大果250g当季新鲜蔬菜
1,1101010501,2021/5/4,23.9,【芭芭农场】云南高原水果玉米4支装中大果250g当季新鲜蔬菜
1,1101010501,2021/5/5,23.9,【芭芭农场】云南高原水果玉米4支装中大果250g当季新鲜蔬菜
1,1101010501,2021/5/6,23.9,【芭芭农场】云南高原水果玉米4支装中大果250g当季新鲜蔬菜
1,1101010501,2021/5/7,23.9,【芭芭农场】云南高原水果玉米4支装中大果250g当季新鲜蔬菜
1,1101010501,2021/5/8,23.9,【芭芭农场】云南高原水果玉米4支装中大果250g当季新鲜蔬菜
1,1101010501,2021/5/9,23.9,【芭芭农场】云南高原水果玉米4支装中大果250g当季新鲜蔬菜
1,1101010501,2021/5/10,23.9,【芭芭农场】云南高原水果玉米4支装中大果250g当季新鲜蔬菜
1,1101010501,2021/5/11,23.9,【芭芭农场】云南高原水果玉米4支装中大果250g当季新鲜蔬菜
1,1101010501,2021/5/12,23.9,【芭芭农场】云南高原水果玉米4支装中大果250g当季新鲜蔬菜
1,1101010501,2021/5/13,23.9,【芭芭农场】云南高原水果玉米4支装中大果250g当季新鲜蔬菜
1,1101010501,2021/5/14,23.9,【芭芭农场】云南高原水果玉米4支装中大果250g当季新鲜蔬菜
1,1101010501,2021/5/15,23.9,【芭芭农场】云南高原水果玉米4支装中大果250g当季新鲜蔬菜
1,1101010501,2021/5/16,23.9,【芭芭农场】云南高原水果玉米4支装中大果250g当季新鲜蔬菜
1,1101010501,2021/5/17,23.9,【芭芭农场】云南高原水果玉米4支装中大果250g当季新鲜蔬菜
1,1101010501,2021/5/18,23.9,【芭芭农场】云南高原水果玉米4支装中大果250g当季新鲜蔬菜
1,1101010501,2021/5/19,23.9,【芭芭农场】云南高原水果玉米4支装中大果250g当季新鲜蔬菜
1,1101010501,2021/5/20,23.9,【芭芭农场】云南高原水果玉米4支装中大果250g当季新鲜蔬菜
1,1101010501,2021/5/21,23.9,【芭芭农场】云南高原水果玉米4支装中大果250g当季新鲜蔬菜
1,1101010501,2021/5/22,23.9,【芭芭农场】云南高原水果玉米4支装中大果250g当季新鲜蔬菜
1,1101010501,2021/5/23,23.9,【芭芭农场】云南高原水果玉米4支装中大果250g当季新鲜蔬菜
1,1101010501,2021/5/24,23.9,【芭芭农场】云南高原水果玉米4支装中大果250g当季新鲜蔬菜
1,1101010501,2021/5/25,23.9,【芭芭农场】云南高原水果玉米4支装中大果250g当季新鲜蔬菜
1,1101010501,2021/5/26,23.9,【芭芭农场】云南高原水果玉米4支装中大果250g当季新鲜蔬菜
1,1101010501,2021/5/27,23.9,【芭芭农场】云南高原水果玉米4支装中大果250g当季新鲜蔬菜
1,1101010501,2021/5/28,23.9,【芭芭农场】云南高原水果玉米4支装中大果250g当季新鲜蔬菜
1,1101010501,2021/5/29,23.9,【芭芭农场】云南高原水果玉米4支装中大果250g当季新鲜蔬菜
1,1101010501,2021/5/30,23.9,【芭芭农场】云南高原水果玉米4支装中大果250g当季新鲜蔬菜
1,1101010501,2021/5/31,23.9,【芭芭农场】云南高原水果玉米4支装中大果250g当季新鲜蔬菜
1,1101010501,2021/6/1,23.9,【芭芭农场】云南高原水果玉米4支装中大果250g当季新鲜蔬菜
1,1101010501,2021/6/2,23.9,【芭芭农场】云南高原水果玉米4支装中大果250g当季新鲜蔬菜
1,1101010501,2021/6/3,23.9,【芭芭农场】云南高原水果玉米4支装中大果250g当季新鲜蔬菜
1,1101010501,2021/6/4,23.9,【芭芭农场】云南高原水果玉米4支装中大果250g当季新鲜蔬菜
1,1101010501,2021/6/5,23.9,【芭芭农场】云南高原水果玉米4支装中大果250g当季新鲜蔬菜
1,1101010501,2021/6/6,23.9,【芭芭农场】云南高原水果玉米4支装中大果250g当季新鲜蔬菜
1,1101010501,2021/6/7,23.9,【芭芭农场】云南高原水果玉米4支装中大果250g当季新鲜蔬菜
1,1101010501,2021/6/8,23.9,【芭芭农场】云南高原水果玉米4支装中大果250g当季新鲜蔬菜
1,1101010501,2021/6/9,23.9,【芭芭农场】云南高原水果玉米4支装中大果250g当季新鲜蔬菜
1,1101010501,2021/6/10,23.9,【芭芭农场】云南高原水果玉米4支装中大果250g当季新鲜蔬菜
1,1101010501,2021/6/11,23.9,【芭芭农场】云南高原水果玉米4支装中大果250g当季新鲜蔬菜
1,1101010501,2021/6/12,23.9,【芭芭农场】云南高原水果玉米4支装中大果250g当季新鲜蔬菜
1,1101010501,2021/6/13,23.9,【芭芭农场】云南高原水果玉米4支装中大果250g当季新鲜蔬菜
1,1101010501,2021/6/14,23.9,【芭芭农场】云南高原水果玉米4支装中大果250g当季新鲜蔬菜
序号,编码,日期,价格,商品名称
2,1101010501,2021/1/18,23.9,云南金银水果玉米10斤蔬菜生吃甜新鲜玉米棒子粒粘糯黏苞谷米包邮
2,1101010501,2021/1/19,23.9,云南金银水果玉米10斤蔬菜生吃甜新鲜玉米棒子粒粘糯黏苞谷米包邮
2,1101010501,2021/1/20,16.9,云南金银水果玉米10斤蔬菜生吃甜新鲜玉米棒子粒粘糯黏苞谷米包邮
2,1101010501,2021/1/21,16.9,云南金银水果玉米10斤蔬菜生吃甜新鲜玉米棒子粒粘糯黏苞谷米包邮
2,1101010501,2021/1/22,16.9,云南金银水果玉米10斤蔬菜生吃甜新鲜玉米棒子粒粘糯黏苞谷米包邮
2,1101010501,2021/1/23,16.9,云南金银水果玉米10斤蔬菜生吃甜新鲜玉米棒子粒粘糯黏苞谷米包邮
2,1101010501,2021/1/24,16.9,云南金银水果玉米10斤蔬菜生吃甜新鲜玉米棒子粒粘糯黏苞谷米包邮
2,1101010501,2021/1/25,16.9,云南金银水果玉米10斤蔬菜生吃甜新鲜玉米棒子粒粘糯黏苞谷米包邮
2,1101010501,2021/1/26,16.9,云南金银水果玉米10斤蔬菜生吃甜新鲜玉米棒子粒粘糯黏苞谷米包邮
2,1101010501,2021/1/27,16.9,云南金银水果玉米10斤蔬菜生吃甜新鲜玉米棒子粒粘糯黏苞谷米包邮
2,1101010501,2021/1/28,16.9,云南金银水果玉米10斤蔬菜生吃甜新鲜玉米棒子粒粘糯黏苞谷米包邮
2,1101010501,2021/1/29,16.9,云南金银水果玉米10斤蔬菜生吃甜新鲜玉米棒子粒粘糯黏苞谷米包邮
2,1101010501,2021/1/30,16.9,云南金银水果玉米10斤蔬菜生吃甜新鲜玉米棒子粒粘糯黏苞谷米包邮
2,1101010501,2021/1/31,16.9,云南金银水果玉米10斤蔬菜生吃甜新鲜玉米棒子粒粘糯黏苞谷米包邮
2,1101010501,2021/2/1,11.9,云南金银水果玉米10斤蔬菜生吃甜新鲜玉米棒子粒粘糯黏苞谷米包邮
2,1101010501,2021/2/2,16.9,云南金银水果玉米10斤蔬菜生吃甜新鲜玉米棒子粒粘糯黏苞谷米包邮
2,1101010501,2021/2/3,16.9,云南金银水果玉米10斤蔬菜生吃甜新鲜玉米棒子粒粘糯黏苞谷米包邮
2,1101010501,2021/2/4,8.9,云南金银水果玉米10斤蔬菜生吃甜新鲜玉米棒子粒粘糯黏苞谷米包邮
2,1101010501,2021/2/5,11.4,云南金银水果玉米10斤蔬菜生吃甜新鲜玉米棒子粒粘糯黏苞谷米包邮
2,1101010501,2021/2/6,11.4,云南金银水果玉米10斤蔬菜生吃甜新鲜玉米棒子粒粘糯黏苞谷米包邮
2,1101010501,2021/2/7,10.9,云南金银水果玉米10斤蔬菜生吃甜新鲜玉米棒子粒粘糯黏苞谷米包邮
2,1101010501,2021/2/8,10.9,云南金银水果玉米10斤蔬菜生吃甜新鲜玉米棒子粒粘糯黏苞谷米包邮
2,1101010501,2021/2/9,10.9,云南金银水果玉米10斤蔬菜生吃甜新鲜玉米棒子粒粘糯黏苞谷米包邮
2,1101010501,2021/2/10,10.9,云南金银水果玉米10斤蔬菜生吃甜新鲜玉米棒子粒粘糯黏苞谷米包邮
2,1101010501,2021/2/11,10.9,云南金银水果玉米10斤蔬菜生吃甜新鲜玉米棒子粒粘糯黏苞谷米包邮
2,1101010501,2021/2/12,10.9,云南金银水果玉米10斤蔬菜生吃甜新鲜玉米棒子粒粘糯黏苞谷米包邮
2,1101010501,2021/2/13,10.9,云南金银水果玉米10斤蔬菜生吃甜新鲜玉米棒子粒粘糯黏苞谷米包邮
2,1101010501,2021/2/14,10.9,云南金银水果玉米10斤蔬菜生吃甜新鲜玉米棒子粒粘糯黏苞谷米包邮
2,1101010501,2021/2/15,10.9,云南金银水果玉米10斤蔬菜生吃甜新鲜玉米棒子粒粘糯黏苞谷米包邮
2,1101010501,2021/2/16,10.9,云南金银水果玉米10斤蔬菜生吃甜新鲜玉米棒子粒粘糯黏苞谷米包邮
2,1101010501,2021/2/17,10.9,云南金银水果玉米10斤蔬菜生吃甜新鲜玉米棒子粒粘糯黏苞谷米包邮
2,1101010501,2021/2/18,10.9,云南金银水果玉米10斤蔬菜生吃甜新鲜玉米棒子粒粘糯黏苞谷米包邮
2,1101010501,2021/2/19,10.9,云南金银水果玉米10斤蔬菜生吃甜新鲜玉米棒子粒粘糯黏苞谷米包邮
2,1101010501,2021/2/20,10.9,云南金银水果玉米10斤蔬菜生吃甜新鲜玉米棒子粒粘糯黏苞谷米包邮
2,1101010501,2021/2/21,17.9,云南金银水果玉米10斤蔬菜生吃甜新鲜玉米棒子粒粘糯黏苞谷米包邮
2,1101010501,2021/2/22,17.9,云南金银水果玉米10斤蔬菜生吃甜新鲜玉米棒子粒粘糯黏苞谷米包邮
2,1101010501,2021/2/23,17.9,云南金银水果玉米10斤蔬菜生吃甜新鲜玉米棒子粒粘糯黏苞谷米包邮
2,1101010501,2021/2/24,17.9,云南金银水果玉米10斤蔬菜生吃甜新鲜玉米棒子粒粘糯黏苞谷米包邮
2,1101010501,2021/2/25,17.9,云南金银水果玉米10斤蔬菜生吃甜新鲜玉米棒子粒粘糯黏苞谷米包邮
2,1101010501,2021/2/26,10.9,云南金银水果玉米10斤蔬菜生吃甜新鲜玉米棒子粒粘糯黏苞谷米包邮
2,1101010501,2021/2/27,10.9,云南金银水果玉米10斤蔬菜生吃甜新鲜玉米棒子粒粘糯黏苞谷米包邮
2,1101010501,2021/2/28,10.9,云南金银水果玉米10斤蔬菜生吃甜新鲜玉米棒子粒粘糯黏苞谷米包邮
2,1101010501,2021/3/1,10.9,云南金银水果玉米10斤蔬菜生吃甜新鲜玉米棒子粒粘糯黏苞谷米包邮
2,1101010501,2021/3/2,10.9,云南金银水果玉米10斤蔬菜生吃甜新鲜玉米棒子粒粘糯黏苞谷米包邮
2,1101010501,2021/3/3,10.9,云南金银水果玉米10斤蔬菜生吃甜新鲜玉米棒子粒粘糯黏苞谷米包邮
2,1101010501,2021/3/4,10.9,云南金银水果玉米10斤蔬菜生吃甜新鲜玉米棒子粒粘糯黏苞谷米包邮
2,1101010501,2021/3/5,10.9,云南金银水果玉米10斤蔬菜生吃甜新鲜玉米棒子粒粘糯黏苞谷米包邮
2,1101010501,2021/3/6,13.4,云南金银水果玉米10斤蔬菜生吃甜新鲜玉米棒子粒粘糯黏苞谷米包邮
2,1101010501,2021/3/7,13.4,云南金银水果玉米10斤蔬菜生吃甜新鲜玉米棒子粒粘糯黏苞谷米包邮
2,1101010501,2021/3/8,13.4,云南金银水果玉米10斤蔬菜生吃甜新鲜玉米棒子粒粘糯黏苞谷米包邮
2,1101010501,2021/3/9,13.4,云南金银水果玉米10斤蔬菜生吃甜新鲜玉米棒子粒粘糯黏苞谷米包邮
2,1101010501,2021/3/10,13.4,云南金银水果玉米10斤蔬菜生吃甜新鲜玉米棒子粒粘糯黏苞谷米包邮
2,1101010501,2021/3/11,13.4,云南金银水果玉米10斤蔬菜生吃甜新鲜玉米棒子粒粘糯黏苞谷米包邮
2,1101010501,2021/3/12,13.4,云南金银水果玉米10斤蔬菜生吃甜新鲜玉米棒子粒粘糯黏苞谷米包邮
2,1101010501,2021/3/13,13.4,云南金银水果玉米10斤蔬菜生吃甜新鲜玉米棒子粒粘糯黏苞谷米包邮
2,1101010501,2021/3/14,13.4,云南金银水果玉米10斤蔬菜生吃甜新鲜玉米棒子粒粘糯黏苞谷米包邮
2,1101010501,2021/3/15,13.4,云南金银水果玉米10斤蔬菜生吃甜新鲜玉米棒子粒粘糯黏苞谷米包邮
2,1101010501,2021/3/16,13.4,云南金银水果玉米10斤蔬菜生吃甜新鲜玉米棒子粒粘糯黏苞谷米包邮
2,1101010501,2021/3/17,13.4,云南金银水果玉米10斤蔬菜生吃甜新鲜玉米棒子粒粘糯黏苞谷米包邮
2,1101010501,2021/3/18,13.4,云南金银水果玉米10斤蔬菜生吃甜新鲜玉米棒子粒粘糯黏苞谷米包邮
2,1101010501,2021/3/19,13.4,云南金银水果玉米10斤蔬菜生吃甜新鲜玉米棒子粒粘糯黏苞谷米包邮
2,1101010501,2021/3/20,13.4,云南金银水果玉米10斤蔬菜生吃甜新鲜玉米棒子粒粘糯黏苞谷米包邮
2,1101010501,2021/3/21,17.9,云南金银水果玉米10斤蔬菜生吃甜新鲜玉米棒子粒粘糯黏苞谷米包邮
2,1101010501,2021/3/22,17.9,云南金银水果玉米10斤蔬菜生吃甜新鲜玉米棒子粒粘糯黏苞谷米包邮
2,1101010501,2021/3/23,17.9,云南金银水果玉米10斤蔬菜生吃甜新鲜玉米棒子粒粘糯黏苞谷米包邮
2,1101010501,2021/3/24,17.9,云南金银水果玉米10斤蔬菜生吃甜新鲜玉米棒子粒粘糯黏苞谷米包邮
2,1101010501,2021/3/25,17.9,云南金银水果玉米10斤蔬菜生吃甜新鲜玉米棒子粒粘糯黏苞谷米包邮
2,1101010501,2021/3/26,17.9,云南金银水果玉米10斤蔬菜生吃甜新鲜玉米棒子粒粘糯黏苞谷米包邮
2,1101010501,2021/3/27,17.9,云南金银水果玉米10斤蔬菜生吃甜新鲜玉米棒子粒粘糯黏苞谷米包邮
2,1101010501,2021/3/28,12.4,云南金银水果玉米10斤蔬菜生吃甜新鲜玉米棒子粒粘糯黏苞谷米包邮
2,1101010501,2021/3/29,12.4,云南金银水果玉米10斤蔬菜生吃甜新鲜玉米棒子粒粘糯黏苞谷米包邮
2,1101010501,2021/3/30,12.4,云南金银水果玉米10斤蔬菜生吃甜新鲜玉米棒子粒粘糯黏苞谷米包邮
2,1101010501,2021/3/31,12.4,云南金银水果玉米10斤蔬菜生吃甜新鲜玉米棒子粒粘糯黏苞谷米包邮
2,1101010501,2021/4/1,12.4,云南金银水果玉米10斤蔬菜生吃甜新鲜玉米棒子粒粘糯黏苞谷米包邮
2,1101010501,2021/4/2,12.4,云南金银水果玉米10斤蔬菜生吃甜新鲜玉米棒子粒粘糯黏苞谷米包邮
2,1101010501,2021/4/3,12.4,云南金银水果玉米10斤蔬菜生吃甜新鲜玉米棒子粒粘糯黏苞谷米包邮
2,1101010501,2021/4/4,12.4,云南金银水果玉米10斤蔬菜生吃甜新鲜玉米棒子粒粘糯黏苞谷米包邮
2,1101010501,2021/4/5,12.4,云南金银水果玉米10斤蔬菜生吃甜新鲜玉米棒子粒粘糯黏苞谷米包邮
2,1101010501,2021/4/6,12.4,云南金银水果玉米10斤蔬菜生吃甜新鲜玉米棒子粒粘糯黏苞谷米包邮
2,1101010501,2021/4/7,12.4,云南金银水果玉米10斤蔬菜生吃甜新鲜玉米棒子粒粘糯黏苞谷米包邮
2,1101010501,2021/4/8,12.4,云南金银水果玉米10斤蔬菜生吃甜新鲜玉米棒子粒粘糯黏苞谷米包邮
2,1101010501,2021/4/9,12.4,云南金银水果玉米10斤蔬菜生吃甜新鲜玉米棒子粒粘糯黏苞谷米包邮
2,1101010501,2021/4/10,12.4,云南金银水果玉米10斤蔬菜生吃甜新鲜玉米棒子粒粘糯黏苞谷米包邮
2,1101010501,2021/4/11,12.4,云南金银水果玉米10斤蔬菜生吃甜新鲜玉米棒子粒粘糯黏苞谷米包邮
2,1101010501,2021/4/12,17.9,云南金银水果玉米10斤蔬菜生吃甜新鲜玉米棒子粒粘糯黏苞谷米包邮
2,1101010501,2021/4/13,17.9,云南金银水果玉米10斤蔬菜生吃甜新鲜玉米棒子粒粘糯黏苞谷米包邮
2,1101010501,2021/4/14,17.9,云南金银水果玉米10斤蔬菜生吃甜新鲜玉米棒子粒粘糯黏苞谷米包邮
2,1101010501,2021/4/15,12.4,云南金银水果玉米10斤蔬菜生吃甜新鲜玉米棒子粒粘糯黏苞谷米包邮
2,1101010501,2021/4/16,12.4,云南金银水果玉米10斤蔬菜生吃甜新鲜玉米棒子粒粘糯黏苞谷米包邮
2,1101010501,2021/4/17,12.4,云南金银水果玉米10斤蔬菜生吃甜新鲜玉米棒子粒粘糯黏苞谷米包邮
2,1101010501,2021/4/18,12.4,云南金银水果玉米10斤蔬菜生吃甜新鲜玉米棒子粒粘糯黏苞谷米包邮
2,1101010501,2021/4/19,12.4,云南金银水果玉米10斤蔬菜生吃甜新鲜玉米棒子粒粘糯黏苞谷米包邮
2,1101010501,2021/4/20,12.4,云南金银水果玉米10斤蔬菜生吃甜新鲜玉米棒子粒粘糯黏苞谷米包邮
2,1101010501,2021/4/21,12.4,云南金银水果玉米10斤蔬菜生吃甜新鲜玉米棒子粒粘糯黏苞谷米包邮
2,1101010501,2021/4/22,12.4,云南金银水果玉米10斤蔬菜生吃甜新鲜玉米棒子粒粘糯黏苞谷米包邮
2,1101010501,2021/4/23,12.4,云南金银水果玉米10斤蔬菜生吃甜新鲜玉米棒子粒粘糯黏苞谷米包邮
2,1101010501,2021/4/24,12.4,云南金银水果玉米10斤蔬菜生吃甜新鲜玉米棒子粒粘糯黏苞谷米包邮
2,1101010501,2021/4/25,12.4,云南金银水果玉米10斤蔬菜生吃甜新鲜玉米棒子粒粘糯黏苞谷米包邮
2,1101010501,2021/4/26,12.4,云南金银水果玉米10斤蔬菜生吃甜新鲜玉米棒子粒粘糯黏苞谷米包邮
2,1101010501,2021/4/27,12.4,云南金银水果玉米10斤蔬菜生吃甜新鲜玉米棒子粒粘糯黏苞谷米包邮
2,1101010501,2021/4/28,12.4,云南金银水果玉米10斤蔬菜生吃甜新鲜玉米棒子粒粘糯黏苞谷米包邮
2,1101010501,2021/4/29,12.4,云南金银水果玉米10斤蔬菜生吃甜新鲜玉米棒子粒粘糯黏苞谷米包邮
2,1101010501,2021/4/30,13.4,云南金银水果玉米10斤蔬菜生吃甜新鲜玉米棒子粒粘糯黏苞谷米包邮
2,1101010501,2021/5/1,13.4,云南金银水果玉米10斤蔬菜生吃甜新鲜玉米棒子粒粘糯黏苞谷米包邮
2,1101010501,2021/5/2,14.3,云南金银水果玉米10斤蔬菜生吃甜新鲜玉米棒子粒粘糯黏苞谷米包邮
2,1101010501,2021/5/3,14.3,云南金银水果玉米10斤蔬菜生吃甜新鲜玉米棒子粒粘糯黏苞谷米包邮
2,1101010501,2021/5/4,14.3,云南金银水果玉米10斤蔬菜生吃甜新鲜玉米棒子粒粘糯黏苞谷米包邮
2,1101010501,2021/5/5,14.3,云南金银水果玉米10斤蔬菜生吃甜新鲜玉米棒子粒粘糯黏苞谷米包邮
2,1101010501,2021/5/6,17.9,云南金银水果玉米10斤蔬菜生吃甜新鲜玉米棒子粒粘糯黏苞谷米包邮
2,1101010501,2021/5/7,17.9,云南金银水果玉米10斤蔬菜生吃甜新鲜玉米棒子粒粘糯黏苞谷米包邮
2,1101010501,2021/5/8,17.9,云南金银水果玉米10斤蔬菜生吃甜新鲜玉米棒子粒粘糯黏苞谷米包邮
2,1101010501,2021/5/9,17.9,云南金银水果玉米10斤蔬菜生吃甜新鲜玉米棒子粒粘糯黏苞谷米包邮
2,1101010501,2021/5/10,17.9,云南金银水果玉米10斤蔬菜生吃甜新鲜玉米棒子粒粘糯黏苞谷米包邮
2,1101010501,2021/5/11,17.9,云南金银水果玉米10斤蔬菜生吃甜新鲜玉米棒子粒粘糯黏苞谷米包邮
2,1101010501,2021/5/12,17.9,云南金银水果玉米10斤蔬菜生吃甜新鲜玉米棒子粒粘糯黏苞谷米包邮
2,1101010501,2021/5/13,17.9,云南金银水果玉米10斤蔬菜生吃甜新鲜玉米棒子粒粘糯黏苞谷米包邮
2,1101010501,2021/5/14,17.9,云南金银水果玉米10斤蔬菜生吃甜新鲜玉米棒子粒粘糯黏苞谷米包邮
2,1101010501,2021/5/15,17.9,云南金银水果玉米10斤蔬菜生吃甜新鲜玉米棒子粒粘糯黏苞谷米包邮
2,1101010501,2021/5/16,17.9,云南金银水果玉米10斤蔬菜生吃甜新鲜玉米棒子粒粘糯黏苞谷米包邮
2,1101010501,2021/5/17,17.9,云南金银水果玉米10斤蔬菜生吃甜新鲜玉米棒子粒粘糯黏苞谷米包邮
2,1101010501,2021/5/18,12.4,云南金银水果玉米10斤蔬菜生吃甜新鲜玉米棒子粒粘糯黏苞谷米包邮
2,1101010501,2021/5/19,14.9,云南金银水果玉米10斤蔬菜生吃甜新鲜玉米棒子粒粘糯黏苞谷米包邮
2,1101010501,2021/5/20,14.9,云南金银水果玉米10斤蔬菜生吃甜新鲜玉米棒子粒粘糯黏苞谷米包邮
2,1101010501,2021/5/21,14.9,云南金银水果玉米10斤蔬菜生吃甜新鲜玉米棒子粒粘糯黏苞谷米包邮
2,1101010501,2021/5/22,14.9,云南金银水果玉米10斤蔬菜生吃甜新鲜玉米棒子粒粘糯黏苞谷米包邮
2,1101010501,2021/5/23,14.9,云南金银水果玉米10斤蔬菜生吃甜新鲜玉米棒子粒粘糯黏苞谷米包邮
2,1101010501,2021/5/24,14.9,云南金银水果玉米10斤蔬菜生吃甜新鲜玉米棒子粒粘糯黏苞谷米包邮
2,1101010501,2021/5/25,17.8,云南金银水果玉米10斤蔬菜生吃甜新鲜玉米棒子粒粘糯黏苞谷米包邮
2,1101010501,2021/5/26,14.9,云南金银水果玉米10斤蔬菜生吃甜新鲜玉米棒子粒粘糯黏苞谷米包邮
2,1101010501,2021/5/27,14.9,云南金银水果玉米10斤蔬菜生吃甜新鲜玉米棒子粒粘糯黏苞谷米包邮
2,1101010501,2021/5/28,14.9,云南金银水果玉米10斤蔬菜生吃甜新鲜玉米棒子粒粘糯黏苞谷米包邮
2,1101010501,2021/5/29,14.9,云南金银水果玉米10斤蔬菜生吃甜新鲜玉米棒子粒粘糯黏苞谷米包邮
2,1101010501,2021/5/30,14.9,云南金银水果玉米10斤蔬菜生吃甜新鲜玉米棒子粒粘糯黏苞谷米包邮
2,1101010501,2021/5/31,14.9,云南金银水果玉米10斤蔬菜生吃甜新鲜玉米棒子粒粘糯黏苞谷米包邮
2,1101010501,2021/6/1,14.9,云南金银水果玉米10斤蔬菜生吃甜新鲜玉米棒子粒粘糯黏苞谷米包邮
2,1101010501,2021/6/2,14.9,云南金银水果玉米10斤蔬菜生吃甜新鲜玉米棒子粒粘糯黏苞谷米包邮
2,1101010501,2021/6/3,14.9,云南金银水果玉米10斤蔬菜生吃甜新鲜玉米棒子粒粘糯黏苞谷米包邮
2,1101010501,2021/6/4,14.9,云南金银水果玉米10斤蔬菜生吃甜新鲜玉米棒子粒粘糯黏苞谷米包邮
2,1101010501,2021/6/5,14.9,云南金银水果玉米10斤蔬菜生吃甜新鲜玉米棒子粒粘糯黏苞谷米包邮
2,1101010501,2021/6/6,14.9,云南金银水果玉米10斤蔬菜生吃甜新鲜玉米棒子粒粘糯黏苞谷米包邮
2,1101010501,2021/6/7,14.9,云南金银水果玉米10斤蔬菜生吃甜新鲜玉米棒子粒粘糯黏苞谷米包邮
2,1101010501,2021/6/8,14.9,云南金银水果玉米10斤蔬菜生吃甜新鲜玉米棒子粒粘糯黏苞谷米包邮
2,1101010501,2021/6/9,14.9,云南金银水果玉米10斤蔬菜生吃甜新鲜玉米棒子粒粘糯黏苞谷米包邮
2,1101010501,2021/6/10,14.9,云南金银水果玉米10斤蔬菜生吃甜新鲜玉米棒子粒粘糯黏苞谷米包邮
2,1101010501,2021/6/11,14.9,云南金银水果玉米10斤蔬菜生吃甜新鲜玉米棒子粒粘糯黏苞谷米包邮
2,1101010501,2021/6/12,14.9,云南金银水果玉米10斤蔬菜生吃甜新鲜玉米棒子粒粘糯黏苞谷米包邮
2,1101010501,2021/6/13,14.9,云南金银水果玉米10斤蔬菜生吃甜新鲜玉米棒子粒粘糯黏苞谷米包邮
2,1101010501,2021/6/14,14.9,云南金银水果玉米10斤蔬菜生吃甜新鲜玉米棒子粒粘糯黏苞谷米包邮
序号,编码,日期,价格,商品名称
3,1101010501,2019/9/18,39.9,小白嘴白山药铁棍山药新鲜蔬菜铁杆淮山药5斤 非河南焦作温县垆土
3,1101010501,2019/9/19,39.9,小白嘴白山药铁棍山药新鲜蔬菜铁杆淮山药5斤 非河南焦作温县垆土
3,1101010501,2019/9/20,39.9,小白嘴白山药铁棍山药新鲜蔬菜铁杆淮山药5斤 非河南焦作温县垆土
3,1101010501,2019/9/21,39.9,小白嘴白山药铁棍山药新鲜蔬菜铁杆淮山药5斤 非河南焦作温县垆土
3,1101010501,2019/9/22,39.9,小白嘴白山药铁棍山药新鲜蔬菜铁杆淮山药5斤 非河南焦作温县垆土
3,1101010501,2019/9/23,39.9,小白嘴白山药铁棍山药新鲜蔬菜铁杆淮山药5斤 非河南焦作温县垆土
3,1101010501,2019/9/24,39.9,小白嘴白山药铁棍山药新鲜蔬菜铁杆淮山药5斤 非河南焦作温县垆土
3,1101010501,2019/9/25,39.9,小白嘴白山药铁棍山药新鲜蔬菜铁杆淮山药5斤 非河南焦作温县垆土
3,1101010501,2019/9/26,39.9,小白嘴白山药铁棍山药新鲜蔬菜铁杆淮山药5斤 非河南焦作温县垆土
3,1101010501,2019/9/27,39.9,小白嘴白山药铁棍山药新鲜蔬菜铁杆淮山药5斤 非河南焦作温县垆土
3,1101010501,2019/9/28,39.9,小白嘴白山药铁棍山药新鲜蔬菜铁杆淮山药5斤 非河南焦作温县垆土
3,1101010501,2019/9/29,39.9,小白嘴白山药铁棍山药新鲜蔬菜铁杆淮山药5斤 非河南焦作温县垆土
3,1101010501,2019/9/30,39.9,小白嘴白山药铁棍山药新鲜蔬菜铁杆淮山药5斤 非河南焦作温县垆土
3,1101010501,2019/10/1,39.9,小白嘴白山药铁棍山药新鲜蔬菜铁杆淮山药5斤 非河南焦作温县垆土
3,1101010501,2019/10/2,39.9,小白嘴白山药铁棍山药新鲜蔬菜铁杆淮山药5斤 非河南焦作温县垆土
3,1101010501,2019/10/3,39.9,小白嘴白山药铁棍山药新鲜蔬菜铁杆淮山药5斤 非河南焦作温县垆土
3,1101010501,2019/10/4,39.9,小白嘴白山药铁棍山药新鲜蔬菜铁杆淮山药5斤 非河南焦作温县垆土
3,1101010501,2019/10/5,39.9,小白嘴白山药铁棍山药新鲜蔬菜铁杆淮山药5斤 非河南焦作温县垆土
3,1101010501,2019/10/6,39.9,小白嘴白山药铁棍山药新鲜蔬菜铁杆淮山药5斤 非河南焦作温县垆土
3,1101010501,2019/10/7,39.9,小白嘴白山药铁棍山药新鲜蔬菜铁杆淮山药5斤 非河南焦作温县垆土
3,1101010501,2019/10/8,39.9,小白嘴白山药铁棍山药新鲜蔬菜铁杆淮山药5斤 非河南焦作温县垆土
3,1101010501,2019/10/9,19.9,小白嘴白山药铁棍山药新鲜蔬菜铁杆淮山药5斤 非河南焦作温县垆土
3,1101010501,2019/10/10,19.9,小白嘴白山药铁棍山药新鲜蔬菜铁杆淮山药5斤 非河南焦作温县垆土
3,1101010501,2019/10/11,19.9,小白嘴白山药铁棍山药新鲜蔬菜铁杆淮山药5斤 非河南焦作温县垆土
3,1101010501,2019/10/12,19.9,小白嘴白山药铁棍山药新鲜蔬菜铁杆淮山药5斤 非河南焦作温县垆土
3,1101010501,2019/10/13,19.9,小白嘴白山药铁棍山药新鲜蔬菜铁杆淮山药5斤 非河南焦作温县垆土
3,1101010501,2019/10/14,19.9,小白嘴白山药铁棍山药新鲜蔬菜铁杆淮山药5斤 非河南焦作温县垆土
3,1101010501,2019/10/15,19.9,小白嘴白山药铁棍山药新鲜蔬菜铁杆淮山药5斤 非河南焦作温县垆土
3,1101010501,2019/10/16,19.9,小白嘴白山药铁棍山药新鲜蔬菜铁杆淮山药5斤 非河南焦作温县垆土
3,1101010501,2019/10/17,19.9,小白嘴白山药铁棍山药新鲜蔬菜铁杆淮山药5斤 非河南焦作温县垆土
3,1101010501,2019/10/18,19.9,小白嘴白山药铁棍山药新鲜蔬菜铁杆淮山药5斤 非河南焦作温县垆土
3,1101010501,2019/10/19,19.9,小白嘴白山药铁棍山药新鲜蔬菜铁杆淮山药5斤 非河南焦作温县垆土
3,1101010501,2019/10/20,19.9,小白嘴白山药铁棍山药新鲜蔬菜铁杆淮山药5斤 非河南焦作温县垆土
3,1101010501,2019/10/21,19.9,小白嘴白山药铁棍山药新鲜蔬菜铁杆淮山药5斤 非河南焦作温县垆土
3,1101010501,2019/10/22,19.9,小白嘴白山药铁棍山药新鲜蔬菜铁杆淮山药5斤 非河南焦作温县垆土
3,1101010501,2019/10/23,19.9,小白嘴白山药铁棍山药新鲜蔬菜铁杆淮山药5斤 非河南焦作温县垆土
3,1101010501,2019/10/24,19.9,小白嘴白山药铁棍山药新鲜蔬菜铁杆淮山药5斤 非河南焦作温县垆土
3,1101010501,2019/10/25,19.9,小白嘴白山药铁棍山药新鲜蔬菜铁杆淮山药5斤 非河南焦作温县垆土
3,1101010501,2019/10/26,19.9,小白嘴白山药铁棍山药新鲜蔬菜铁杆淮山药5斤 非河南焦作温县垆土
3,1101010501,2019/10/27,19.9,小白嘴白山药铁棍山药新鲜蔬菜铁杆淮山药5斤 非河南焦作温县垆土
3,1101010501,2019/10/28,19.9,小白嘴白山药铁棍山药新鲜蔬菜铁杆淮山药5斤 非河南焦作温县垆土
3,1101010501,2019/10/29,19.9,小白嘴白山药铁棍山药新鲜蔬菜铁杆淮山药5斤 非河南焦作温县垆土
3,1101010501,2019/10/30,19.9,小白嘴白山药铁棍山药新鲜蔬菜铁杆淮山药5斤 非河南焦作温县垆土
3,1101010501,2019/10/31,19.9,小白嘴白山药铁棍山药新鲜蔬菜铁杆淮山药5斤 非河南焦作温县垆土
3,1101010501,2019/11/1,19.9,小白嘴白山药铁棍山药新鲜蔬菜铁杆淮山药5斤 非河南焦作温县垆土
3,1101010501,2019/11/2,19.9,小白嘴白山药铁棍山药新鲜蔬菜铁杆淮山药5斤 非河南焦作温县垆土
3,1101010501,2019/11/3,19.9,小白嘴白山药铁棍山药新鲜蔬菜铁杆淮山药5斤 非河南焦作温县垆土
3,1101010501,2019/11/4,19.9,小白嘴白山药铁棍山药新鲜蔬菜铁杆淮山药5斤 非河南焦作温县垆土
3,1101010501,2019/11/5,19.9,小白嘴白山药铁棍山药新鲜蔬菜铁杆淮山药5斤 非河南焦作温县垆土
3,1101010501,2019/11/6,19.9,小白嘴白山药铁棍山药新鲜蔬菜铁杆淮山药5斤 非河南焦作温县垆土
3,1101010501,2019/11/7,19.9,小白嘴白山药铁棍山药新鲜蔬菜铁杆淮山药5斤 非河南焦作温县垆土
3,1101010501,2019/11/8,19.9,小白嘴白山药铁棍山药新鲜蔬菜铁杆淮山药5斤 非河南焦作温县垆土
3,1101010501,2019/11/9,19.9,小白嘴白山药铁棍山药新鲜蔬菜铁杆淮山药5斤 非河南焦作温县垆土
3,1101010501,2019/11/10,19.9,小白嘴白山药铁棍山药新鲜蔬菜铁杆淮山药5斤 非河南焦作温县垆土
3,1101010501,2019/11/11,19.9,小白嘴白山药铁棍山药新鲜蔬菜铁杆淮山药5斤 非河南焦作温县垆土
3,1101010501,2019/11/12,19.9,小白嘴白山药铁棍山药新鲜蔬菜铁杆淮山药5斤 非河南焦作温县垆土
3,1101010501,2019/11/13,19.9,小白嘴白山药铁棍山药新鲜蔬菜铁杆淮山药5斤 非河南焦作温县垆土
3,1101010501,2019/11/14,19.9,小白嘴白山药铁棍山药新鲜蔬菜铁杆淮山药5斤 非河南焦作温县垆土
3,1101010501,2019/11/15,19.9,小白嘴白山药铁棍山药新鲜蔬菜铁杆淮山药5斤 非河南焦作温县垆土
3,1101010501,2019/11/16,19.9,小白嘴白山药铁棍山药新鲜蔬菜铁杆淮山药5斤 非河南焦作温县垆土
3,1101010501,2019/11/17,19.9,小白嘴白山药铁棍山药新鲜蔬菜铁杆淮山药5斤 非河南焦作温县垆土
3,1101010501,2019/11/18,19.9,小白嘴白山药铁棍山药新鲜蔬菜铁杆淮山药5斤 非河南焦作温县垆土
3,1101010501,2019/11/19,19.9,小白嘴白山药铁棍山药新鲜蔬菜铁杆淮山药5斤 非河南焦作温县垆土
3,1101010501,2019/11/20,19.9,小白嘴白山药铁棍山药新鲜蔬菜铁杆淮山药5斤 非河南焦作温县垆土
3,1101010501,2019/11/21,19.9,小白嘴白山药铁棍山药新鲜蔬菜铁杆淮山药5斤 非河南焦作温县垆土
3,1101010501,2019/11/22,19.9,小白嘴白山药铁棍山药新鲜蔬菜铁杆淮山药5斤 非河南焦作温县垆土
3,1101010501,2019/11/23,19.9,小白嘴白山药铁棍山药新鲜蔬菜铁杆淮山药5斤 非河南焦作温县垆土
3,1101010501,2019/11/24,19.9,小白嘴白山药铁棍山药新鲜蔬菜铁杆淮山药5斤 非河南焦作温县垆土
3,1101010501,2019/11/25,19.9,小白嘴白山药铁棍山药新鲜蔬菜铁杆淮山药5斤 非河南焦作温县垆土
3,1101010501,2019/11/26,19.9,小白嘴白山药铁棍山药新鲜蔬菜铁杆淮山药5斤 非河南焦作温县垆土
3,1101010501,2019/11/27,19.9,小白嘴白山药铁棍山药新鲜蔬菜铁杆淮山药5斤 非河南焦作温县垆土
3,1101010501,2019/11/28,19.9,小白嘴白山药铁棍山药新鲜蔬菜铁杆淮山药5斤 非河南焦作温县垆土
3,1101010501,2019/11/29,19.9,小白嘴白山药铁棍山药新鲜蔬菜铁杆淮山药5斤 非河南焦作温县垆土
3,1101010501,2019/11/30,19.9,小白嘴白山药铁棍山药新鲜蔬菜铁杆淮山药5斤 非河南焦作温县垆土
3,1101010501,2019/12/1,19.9,小白嘴白山药铁棍山药新鲜蔬菜铁杆淮山药5斤 非河南焦作温县垆土
3,1101010501,2019/12/2,19.9,小白嘴白山药铁棍山药新鲜蔬菜铁杆淮山药5斤 非河南焦作温县垆土
3,1101010501,2019/12/3,19.9,小白嘴白山药铁棍山药新鲜蔬菜铁杆淮山药5斤 非河南焦作温县垆土
3,1101010501,2019/12/4,19.9,小白嘴白山药铁棍山药新鲜蔬菜铁杆淮山药5斤 非河南焦作温县垆土
3,1101010501,2019/12/5,19.9,小白嘴白山药铁棍山药新鲜蔬菜铁杆淮山药5斤 非河南焦作温县垆土
3,1101010501,2019/12/6,19.9,小白嘴白山药铁棍山药新鲜蔬菜铁杆淮山药5斤 非河南焦作温县垆土
3,1101010501,2019/12/7,19.9,小白嘴白山药铁棍山药新鲜蔬菜铁杆淮山药5斤 非河南焦作温县垆土
3,1101010501,2019/12/8,19.9,小白嘴白山药铁棍山药新鲜蔬菜铁杆淮山药5斤 非河南焦作温县垆土
3,1101010501,2019/12/9,19.9,小白嘴白山药铁棍山药新鲜蔬菜铁杆淮山药5斤 非河南焦作温县垆土
3,1101010501,2019/12/10,19.9,小白嘴白山药铁棍山药新鲜蔬菜铁杆淮山药5斤 非河南焦作温县垆土
3,1101010501,2019/12/11,19.9,小白嘴白山药铁棍山药新鲜蔬菜铁杆淮山药5斤 非河南焦作温县垆土
3,1101010501,2019/12/12,19.9,小白嘴白山药铁棍山药新鲜蔬菜铁杆淮山药5斤 非河南焦作温县垆土
3,1101010501,2019/12/13,19.9,小白嘴白山药铁棍山药新鲜蔬菜铁杆淮山药5斤 非河南焦作温县垆土
3,1101010501,2019/12/14,19.9,小白嘴白山药铁棍山药新鲜蔬菜铁杆淮山药5斤 非河南焦作温县垆土
3,1101010501,2019/12/15,19.9,小白嘴白山药铁棍山药新鲜蔬菜铁杆淮山药5斤 非河南焦作温县垆土
3,1101010501,2019/12/16,19.9,小白嘴白山药铁棍山药新鲜蔬菜铁杆淮山药5斤 非河南焦作温县垆土
3,1101010501,2019/12/17,19.8,小白嘴白山药铁棍山药新鲜蔬菜铁杆淮山药5斤 非河南焦作温县垆土
3,1101010501,2019/12/18,19.8,小白嘴白山药铁棍山药新鲜蔬菜铁杆淮山药5斤 非河南焦作温县垆土
3,1101010501,2019/12/19,19.8,小白嘴白山药铁棍山药新鲜蔬菜铁杆淮山药5斤 非河南焦作温县垆土
3,1101010501,2019/12/20,19.8,小白嘴白山药铁棍山药新鲜蔬菜铁杆淮山药5斤 非河南焦作温县垆土
3,1101010501,2019/12/21,19.8,小白嘴白山药铁棍山药新鲜蔬菜铁杆淮山药5斤 非河南焦作温县垆土
3,1101010501,2019/12/22,19.9,小白嘴白山药铁棍山药新鲜蔬菜铁杆淮山药5斤 非河南焦作温县垆土
3,1101010501,2019/12/23,19.9,小白嘴白山药铁棍山药新鲜蔬菜铁杆淮山药5斤 非河南焦作温县垆土
3,1101010501,2019/12/24,19.8,小白嘴白山药铁棍山药新鲜蔬菜铁杆淮山药5斤 非河南焦作温县垆土
3,1101010501,2019/12/25,19.9,小白嘴白山药铁棍山药新鲜蔬菜铁杆淮山药5斤 非河南焦作温县垆土
3,1101010501,2019/12/26,19.9,小白嘴白山药铁棍山药新鲜蔬菜铁杆淮山药5斤 非河南焦作温县垆土
3,1101010501,2019/12/27,19.9,小白嘴白山药铁棍山药新鲜蔬菜铁杆淮山药5斤 非河南焦作温县垆土
3,1101010501,2019/12/28,19.9,小白嘴白山药铁棍山药新鲜蔬菜铁杆淮山药5斤 非河南焦作温县垆土
3,1101010501,2019/12/29,19.9,小白嘴白山药铁棍山药新鲜蔬菜铁杆淮山药5斤 非河南焦作温县垆土
3,1101010501,2019/12/30,19.9,小白嘴白山药铁棍山药新鲜蔬菜铁杆淮山药5斤 非河南焦作温县垆土
3,1101010501,2019/12/31,19.9,小白嘴白山药铁棍山药新鲜蔬菜铁杆淮山药5斤 非河南焦作温县垆土
3,1101010501,2020/1/1,19.8,小白嘴白山药铁棍山药新鲜蔬菜铁杆淮山药5斤 非河南焦作温县垆土
3,1101010501,2020/1/2,19.8,小白嘴白山药铁棍山药新鲜蔬菜铁杆淮山药5斤 非河南焦作温县垆土
3,1101010501,2020/1/3,19.8,小白嘴白山药铁棍山药新鲜蔬菜铁杆淮山药5斤 非河南焦作温县垆土
3,1101010501,2020/1/4,19.9,小白嘴白山药铁棍山药新鲜蔬菜铁杆淮山药5斤 非河南焦作温县垆土
3,1101010501,2020/1/5,19.9,小白嘴白山药铁棍山药新鲜蔬菜铁杆淮山药5斤 非河南焦作温县垆土
3,1101010501,2020/1/6,19.9,小白嘴白山药铁棍山药新鲜蔬菜铁杆淮山药5斤 非河南焦作温县垆土
3,1101010501,2020/1/7,19.9,小白嘴白山药铁棍山药新鲜蔬菜铁杆淮山药5斤 非河南焦作温县垆土
3,1101010501,2020/1/8,19.9,小白嘴白山药铁棍山药新鲜蔬菜铁杆淮山药5斤 非河南焦作温县垆土
3,1101010501,2020/1/9,19.9,小白嘴白山药铁棍山药新鲜蔬菜铁杆淮山药5斤 非河南焦作温县垆土
3,1101010501,2020/1/10,19.9,小白嘴白山药铁棍山药新鲜蔬菜铁杆淮山药5斤 非河南焦作温县垆土
3,1101010501,2020/1/11,19.9,小白嘴白山药铁棍山药新鲜蔬菜铁杆淮山药5斤 非河南焦作温县垆土
3,1101010501,2020/1/12,19.9,小白嘴白山药铁棍山药新鲜蔬菜铁杆淮山药5斤 非河南焦作温县垆土
3,1101010501,2020/1/13,19.9,小白嘴白山药铁棍山药新鲜蔬菜铁杆淮山药5斤 非河南焦作温县垆土
3,1101010501,2020/1/14,19.9,小白嘴白山药铁棍山药新鲜蔬菜铁杆淮山药5斤 非河南焦作温县垆土
3,1101010501,2020/1/15,19.9,小白嘴白山药铁棍山药新鲜蔬菜铁杆淮山药5斤 非河南焦作温县垆土
3,1101010501,2020/1/16,19.9,小白嘴白山药铁棍山药新鲜蔬菜铁杆淮山药5斤 非河南焦作温县垆土
3,1101010501,2020/1/17,19.9,小白嘴白山药铁棍山药新鲜蔬菜铁杆淮山药5斤 非河南焦作温县垆土
3,1101010501,2020/1/18,19.9,小白嘴白山药铁棍山药新鲜蔬菜铁杆淮山药5斤 非河南焦作温县垆土
3,1101010501,2020/1/19,19.9,小白嘴白山药铁棍山药新鲜蔬菜铁杆淮山药5斤 非河南焦作温县垆土
3,1101010501,2020/1/20,19.9,小白嘴白山药铁棍山药新鲜蔬菜铁杆淮山药5斤 非河南焦作温县垆土
3,1101010501,2020/1/21,19.9,小白嘴白山药铁棍山药新鲜蔬菜铁杆淮山药5斤 非河南焦作温县垆土
3,1101010501,2020/1/22,19.9,小白嘴白山药铁棍山药新鲜蔬菜铁杆淮山药5斤 非河南焦作温县垆土
3,1101010501,2020/1/23,19.9,小白嘴白山药铁棍山药新鲜蔬菜铁杆淮山药5斤 非河南焦作温县垆土
3,1101010501,2020/1/24,19.9,小白嘴白山药铁棍山药新鲜蔬菜铁杆淮山药5斤 非河南焦作温县垆土
3,1101010501,2020/1/25,19.9,小白嘴白山药铁棍山药新鲜蔬菜铁杆淮山药5斤 非河南焦作温县垆土
3,1101010501,2020/1/26,19.9,小白嘴白山药铁棍山药新鲜蔬菜铁杆淮山药5斤 非河南焦作温县垆土
3,1101010501,2020/1/27,19.9,小白嘴白山药铁棍山药新鲜蔬菜铁杆淮山药5斤 非河南焦作温县垆土
3,1101010501,2020/1/28,19.9,小白嘴白山药铁棍山药新鲜蔬菜铁杆淮山药5斤 非河南焦作温县垆土
3,1101010501,2020/1/29,19.9,小白嘴白山药铁棍山药新鲜蔬菜铁杆淮山药5斤 非河南焦作温县垆土
3,1101010501,2020/1/30,19.9,小白嘴白山药铁棍山药新鲜蔬菜铁杆淮山药5斤 非河南焦作温县垆土
3,1101010501,2020/1/31,19.9,小白嘴白山药铁棍山药新鲜蔬菜铁杆淮山药5斤 非河南焦作温县垆土
3,1101010501,2020/2/1,19.9,小白嘴白山药铁棍山药新鲜蔬菜铁杆淮山药5斤 非河南焦作温县垆土
3,1101010501,2020/2/2,19.9,小白嘴白山药铁棍山药新鲜蔬菜铁杆淮山药5斤 非河南焦作温县垆土
3,1101010501,2020/2/3,19.9,小白嘴白山药铁棍山药新鲜蔬菜铁杆淮山药5斤 非河南焦作温县垆土
3,1101010501,2020/2/4,19.9,小白嘴白山药铁棍山药新鲜蔬菜铁杆淮山药5斤 非河南焦作温县垆土
3,1101010501,2020/2/5,18.9,小白嘴白山药铁棍山药新鲜蔬菜铁杆淮山药5斤 非河南焦作温县垆土
3,1101010501,2020/2/6,19.9,小白嘴白山药铁棍山药新鲜蔬菜铁杆淮山药5斤 非河南焦作温县垆土
3,1101010501,2020/2/7,19.9,小白嘴白山药铁棍山药新鲜蔬菜铁杆淮山药5斤 非河南焦作温县垆土
3,1101010501,2020/2/8,19.9,小白嘴白山药铁棍山药新鲜蔬菜铁杆淮山药5斤 非河南焦作温县垆土
3,1101010501,2020/2/9,19.9,小白嘴白山药铁棍山药新鲜蔬菜铁杆淮山药5斤 非河南焦作温县垆土
3,1101010501,2020/2/10,19.9,小白嘴白山药铁棍山药新鲜蔬菜铁杆淮山药5斤 非河南焦作温县垆土
3,1101010501,2020/2/11,19.9,小白嘴白山药铁棍山药新鲜蔬菜铁杆淮山药5斤 非河南焦作温县垆土
3,1101010501,2020/2/12,19.9,小白嘴白山药铁棍山药新鲜蔬菜铁杆淮山药5斤 非河南焦作温县垆土
3,1101010501,2020/2/13,19.9,小白嘴白山药铁棍山药新鲜蔬菜铁杆淮山药5斤 非河南焦作温县垆土
3,1101010501,2020/2/14,19.9,小白嘴白山药铁棍山药新鲜蔬菜铁杆淮山药5斤 非河南焦作温县垆土
3,1101010501,2020/2/15,19.9,小白嘴白山药铁棍山药新鲜蔬菜铁杆淮山药5斤 非河南焦作温县垆土
3,1101010501,2020/2/16,19.9,小白嘴白山药铁棍山药新鲜蔬菜铁杆淮山药5斤 非河南焦作温县垆土
3,1101010501,2020/2/17,19.9,小白嘴白山药铁棍山药新鲜蔬菜铁杆淮山药5斤 非河南焦作温县垆土
3,1101010501,2020/2/18,19.9,小白嘴白山药铁棍山药新鲜蔬菜铁杆淮山药5斤 非河南焦作温县垆土
3,1101010501,2020/2/19,19.9,小白嘴白山药铁棍山药新鲜蔬菜铁杆淮山药5斤 非河南焦作温县垆土
3,1101010501,2020/2/20,19.9,小白嘴白山药铁棍山药新鲜蔬菜铁杆淮山药5斤 非河南焦作温县垆土
3,1101010501,2020/2/21,19.9,小白嘴白山药铁棍山药新鲜蔬菜铁杆淮山药5斤 非河南焦作温县垆土
3,1101010501,2020/2/22,19.9,小白嘴白山药铁棍山药新鲜蔬菜铁杆淮山药5斤 非河南焦作温县垆土
3,1101010501,2020/2/23,19.9,小白嘴白山药铁棍山药新鲜蔬菜铁杆淮山药5斤 非河南焦作温县垆土
3,1101010501,2020/2/24,19.9,小白嘴白山药铁棍山药新鲜蔬菜铁杆淮山药5斤 非河南焦作温县垆土
3,1101010501,2020/2/25,19.9,小白嘴白山药铁棍山药新鲜蔬菜铁杆淮山药5斤 非河南焦作温县垆土
3,1101010501,2020/2/26,19.9,小白嘴白山药铁棍山药新鲜蔬菜铁杆淮山药5斤 非河南焦作温县垆土
3,1101010501,2020/2/27,19.9,小白嘴白山药铁棍山药新鲜蔬菜铁杆淮山药5斤 非河南焦作温县垆土
3,1101010501,2020/2/28,19.9,小白嘴白山药铁棍山药新鲜蔬菜铁杆淮山药5斤 非河南焦作温县垆土
3,1101010501,2020/2/29,19.9,小白嘴白山药铁棍山药新鲜蔬菜铁杆淮山药5斤 非河南焦作温县垆土
3,1101010501,2020/3/1,19.9,小白嘴白山药铁棍山药新鲜蔬菜铁杆淮山药5斤 非河南焦作温县垆土
3,1101010501,2020/3/2,19.9,小白嘴白山药铁棍山药新鲜蔬菜铁杆淮山药5斤 非河南焦作温县垆土
3,1101010501,2020/3/3,19.9,小白嘴白山药铁棍山药新鲜蔬菜铁杆淮山药5斤 非河南焦作温县垆土
3,1101010501,2020/3/4,19.9,小白嘴白山药铁棍山药新鲜蔬菜铁杆淮山药5斤 非河南焦作温县垆土
3,1101010501,2020/3/5,19.9,小白嘴白山药铁棍山药新鲜蔬菜铁杆淮山药5斤 非河南焦作温县垆土
3,1101010501,2020/3/6,19.9,小白嘴白山药铁棍山药新鲜蔬菜铁杆淮山药5斤 非河南焦作温县垆土
3,1101010501,2020/3/7,19.9,小白嘴白山药铁棍山药新鲜蔬菜铁杆淮山药5斤 非河南焦作温县垆土
3,1101010501,2020/3/8,19.9,小白嘴白山药铁棍山药新鲜蔬菜铁杆淮山药5斤 非河南焦作温县垆土
3,1101010501,2020/3/9,19.9,小白嘴白山药铁棍山药新鲜蔬菜铁杆淮山药5斤 非河南焦作温县垆土
3,1101010501,2020/3/10,19.9,小白嘴白山药铁棍山药新鲜蔬菜铁杆淮山药5斤 非河南焦作温县垆土
3,1101010501,2020/3/11,19.9,小白嘴白山药铁棍山药新鲜蔬菜铁杆淮山药5斤 非河南焦作温县垆土
3,1101010501,2020/3/12,19.9,小白嘴白山药铁棍山药新鲜蔬菜铁杆淮山药5斤 非河南焦作温县垆土
3,1101010501,2020/3/13,19.9,小白嘴白山药铁棍山药新鲜蔬菜铁杆淮山药5斤 非河南焦作温县垆土
3,1101010501,2020/3/14,19.9,小白嘴白山药铁棍山药新鲜蔬菜铁杆淮山药5斤 非河南焦作温县垆土
3,1101010501,2020/3/15,19.9,小白嘴白山药铁棍山药新鲜蔬菜铁杆淮山药5斤 非河南焦作温县垆土
3,1101010501,2020/3/16,19.9,小白嘴白山药铁棍山药新鲜蔬菜铁杆淮山药5斤 非河南焦作温县垆土
3,1101010501,2020/3/17,19.9,小白嘴白山药铁棍山药新鲜蔬菜铁杆淮山药5斤 非河南焦作温县垆土
3,1101010501,2020/3/18,19.9,小白嘴白山药铁棍山药新鲜蔬菜铁杆淮山药5斤 非河南焦作温县垆土
3,1101010501,2020/3/19,19.9,小白嘴白山药铁棍山药新鲜蔬菜铁杆淮山药5斤 非河南焦作温县垆土
3,1101010501,2020/3/20,19.9,小白嘴白山药铁棍山药新鲜蔬菜铁杆淮山药5斤 非河南焦作温县垆土
3,1101010501,2020/3/21,19.9,小白嘴白山药铁棍山药新鲜蔬菜铁杆淮山药5斤 非河南焦作温县垆土
3,1101010501,2020/3/22,19.9,小白嘴白山药铁棍山药新鲜蔬菜铁杆淮山药5斤 非河南焦作温县垆土
3,1101010501,2020/3/23,19.9,小白嘴白山药铁棍山药新鲜蔬菜铁杆淮山药5斤 非河南焦作温县垆土
3,1101010501,2020/3/24,19.9,小白嘴白山药铁棍山药新鲜蔬菜铁杆淮山药5斤 非河南焦作温县垆土
3,1101010501,2020/3/25,19.9,小白嘴白山药铁棍山药新鲜蔬菜铁杆淮山药5斤 非河南焦作温县垆土
3,1101010501,2020/3/26,19.9,小白嘴白山药铁棍山药新鲜蔬菜铁杆淮山药5斤 非河南焦作温县垆土
3,1101010501,2020/3/27,19.9,小白嘴白山药铁棍山药新鲜蔬菜铁杆淮山药5斤 非河南焦作温县垆土
3,1101010501,2020/3/28,19.9,小白嘴白山药铁棍山药新鲜蔬菜铁杆淮山药5斤 非河南焦作温县垆土
3,1101010501,2020/3/29,19.9,小白嘴白山药铁棍山药新鲜蔬菜铁杆淮山药5斤 非河南焦作温县垆土
3,1101010501,2020/3/30,19.9,小白嘴白山药铁棍山药新鲜蔬菜铁杆淮山药5斤 非河南焦作温县垆土
3,1101010501,2020/3/31,19.9,小白嘴白山药铁棍山药新鲜蔬菜铁杆淮山药5斤 非河南焦作温县垆土
3,1101010501,2020/4/1,19.9,小白嘴白山药铁棍山药新鲜蔬菜铁杆淮山药5斤 非河南焦作温县垆土
3,1101010501,2020/4/2,19.9,小白嘴白山药铁棍山药新鲜蔬菜铁杆淮山药5斤 非河南焦作温县垆土
3,1101010501,2020/4/3,19.9,小白嘴白山药铁棍山药新鲜蔬菜铁杆淮山药5斤 非河南焦作温县垆土
3,1101010501,2020/4/4,19.9,小白嘴白山药铁棍山药新鲜蔬菜铁杆淮山药5斤 非河南焦作温县垆土
3,1101010501,2020/4/5,19.9,小白嘴白山药铁棍山药新鲜蔬菜铁杆淮山药5斤 非河南焦作温县垆土
3,1101010501,2020/4/6,19.9,小白嘴白山药铁棍山药新鲜蔬菜铁杆淮山药5斤 非河南焦作温县垆土
3,1101010501,2020/4/7,19.9,小白嘴白山药铁棍山药新鲜蔬菜铁杆淮山药5斤 非河南焦作温县垆土
3,1101010501,2020/4/8,19.9,小白嘴白山药铁棍山药新鲜蔬菜铁杆淮山药5斤 非河南焦作温县垆土
3,1101010501,2020/4/9,19.9,小白嘴白山药铁棍山药新鲜蔬菜铁杆淮山药5斤 非河南焦作温县垆土
3,1101010501,2020/4/10,19.9,小白嘴白山药铁棍山药新鲜蔬菜铁杆淮山药5斤 非河南焦作温县垆土
3,1101010501,2020/4/11,19.9,小白嘴白山药铁棍山药新鲜蔬菜铁杆淮山药5斤 非河南焦作温县垆土
3,1101010501,2020/4/12,19.9,小白嘴白山药铁棍山药新鲜蔬菜铁杆淮山药5斤 非河南焦作温县垆土
3,1101010501,2020/4/13,19.9,小白嘴白山药铁棍山药新鲜蔬菜铁杆淮山药5斤 非河南焦作温县垆土
3,1101010501,2020/4/14,19.9,小白嘴白山药铁棍山药新鲜蔬菜铁杆淮山药5斤 非河南焦作温县垆土
3,1101010501,2020/4/15,19.9,小白嘴白山药铁棍山药新鲜蔬菜铁杆淮山药5斤 非河南焦作温县垆土
3,1101010501,2020/4/16,19.9,小白嘴白山药铁棍山药新鲜蔬菜铁杆淮山药5斤 非河南焦作温县垆土
3,1101010501,2020/4/17,19.9,小白嘴白山药铁棍山药新鲜蔬菜铁杆淮山药5斤 非河南焦作温县垆土
3,1101010501,2020/4/18,19.9,小白嘴白山药铁棍山药新鲜蔬菜铁杆淮山药5斤 非河南焦作温县垆土
3,1101010501,2020/4/19,19.9,小白嘴白山药铁棍山药新鲜蔬菜铁杆淮山药5斤 非河南焦作温县垆土
3,1101010501,2020/4/20,19.9,小白嘴白山药铁棍山药新鲜蔬菜铁杆淮山药5斤 非河南焦作温县垆土
3,1101010501,2020/4/21,19.9,小白嘴白山药铁棍山药新鲜蔬菜铁杆淮山药5斤 非河南焦作温县垆土
3,1101010501,2020/4/22,19.9,小白嘴白山药铁棍山药新鲜蔬菜铁杆淮山药5斤 非河南焦作温县垆土
3,1101010501,2020/4/23,19.9,小白嘴白山药铁棍山药新鲜蔬菜铁杆淮山药5斤 非河南焦作温县垆土
3,1101010501,2020/4/24,19.9,小白嘴白山药铁棍山药新鲜蔬菜铁杆淮山药5斤 非河南焦作温县垆土
3,1101010501,2020/4/25,19.9,小白嘴白山药铁棍山药新鲜蔬菜铁杆淮山药5斤 非河南焦作温县垆土
3,1101010501,2020/4/26,19.9,小白嘴白山药铁棍山药新鲜蔬菜铁杆淮山药5斤 非河南焦作温县垆土
3,1101010501,2020/4/27,19.9,小白嘴白山药铁棍山药新鲜蔬菜铁杆淮山药5斤 非河南焦作温县垆土
3,1101010501,2020/4/28,19.9,小白嘴白山药铁棍山药新鲜蔬菜铁杆淮山药5斤 非河南焦作温县垆土
3,1101010501,2020/4/29,19.9,小白嘴白山药铁棍山药新鲜蔬菜铁杆淮山药5斤 非河南焦作温县垆土
3,1101010501,2020/4/30,19.9,小白嘴白山药铁棍山药新鲜蔬菜铁杆淮山药5斤 非河南焦作温县垆土
3,1101010501,2020/5/1,19.9,小白嘴白山药铁棍山药新鲜蔬菜铁杆淮山药5斤 非河南焦作温县垆土
3,1101010501,2020/5/2,19.9,小白嘴白山药铁棍山药新鲜蔬菜铁杆淮山药5斤 非河南焦作温县垆土
3,1101010501,2020/5/3,19.9,小白嘴白山药铁棍山药新鲜蔬菜铁杆淮山药5斤 非河南焦作温县垆土
3,1101010501,2020/5/4,21.9,小白嘴白山药铁棍山药新鲜蔬菜铁杆淮山药5斤 非河南焦作温县垆土
3,1101010501,2020/5/5,21.9,小白嘴白山药铁棍山药新鲜蔬菜铁杆淮山药5斤 非河南焦作温县垆土
3,1101010501,2020/5/6,21.9,小白嘴白山药铁棍山药新鲜蔬菜铁杆淮山药5斤 非河南焦作温县垆土
3,1101010501,2020/5/7,21.9,小白嘴白山药铁棍山药新鲜蔬菜铁杆淮山药5斤 非河南焦作温县垆土
3,1101010501,2020/5/8,21.9,小白嘴白山药铁棍山药新鲜蔬菜铁杆淮山药5斤 非河南焦作温县垆土
3,1101010501,2020/5/9,21.9,小白嘴白山药铁棍山药新鲜蔬菜铁杆淮山药5斤 非河南焦作温县垆土
3,1101010501,2020/5/10,21.9,小白嘴白山药铁棍山药新鲜蔬菜铁杆淮山药5斤 非河南焦作温县垆土
3,1101010501,2020/5/11,21.9,小白嘴白山药铁棍山药新鲜蔬菜铁杆淮山药5斤 非河南焦作温县垆土
3,1101010501,2020/5/12,21.9,小白嘴白山药铁棍山药新鲜蔬菜铁杆淮山药5斤 非河南焦作温县垆土
3,1101010501,2020/5/13,21.9,小白嘴白山药铁棍山药新鲜蔬菜铁杆淮山药5斤 非河南焦作温县垆土
3,1101010501,2020/5/14,21.9,小白嘴白山药铁棍山药新鲜蔬菜铁杆淮山药5斤 非河南焦作温县垆土
3,1101010501,2020/5/15,21.9,小白嘴白山药铁棍山药新鲜蔬菜铁杆淮山药5斤 非河南焦作温县垆土
3,1101010501,2020/5/16,21.9,小白嘴白山药铁棍山药新鲜蔬菜铁杆淮山药5斤 非河南焦作温县垆土
3,1101010501,2020/5/17,25.9,小白嘴白山药铁棍山药新鲜蔬菜铁杆淮山药5斤 非河南焦作温县垆土
3,1101010501,2020/5/18,25.9,小白嘴白山药铁棍山药新鲜蔬菜铁杆淮山药5斤 非河南焦作温县垆土
3,1101010501,2020/5/19,25.9,小白嘴白山药铁棍山药新鲜蔬菜铁杆淮山药5斤 非河南焦作温县垆土
3,1101010501,2020/5/20,26.9,小白嘴白山药铁棍山药新鲜蔬菜铁杆淮山药5斤 非河南焦作温县垆土
3,1101010501,2020/5/21,26.9,小白嘴白山药铁棍山药新鲜蔬菜铁杆淮山药5斤 非河南焦作温县垆土
3,1101010501,2020/5/22,26.9,小白嘴白山药铁棍山药新鲜蔬菜铁杆淮山药5斤 非河南焦作温县垆土
3,1101010501,2020/5/23,26.9,小白嘴白山药铁棍山药新鲜蔬菜铁杆淮山药5斤 非河南焦作温县垆土
3,1101010501,2020/5/24,26.9,小白嘴白山药铁棍山药新鲜蔬菜铁杆淮山药5斤 非河南焦作温县垆土
3,1101010501,2020/5/25,19.9,小白嘴白山药铁棍山药新鲜蔬菜铁杆淮山药5斤 非河南焦作温县垆土
3,1101010501,2020/5/26,19.9,小白嘴白山药铁棍山药新鲜蔬菜铁杆淮山药5斤 非河南焦作温县垆土
3,1101010501,2020/5/27,19.9,小白嘴白山药铁棍山药新鲜蔬菜铁杆淮山药5斤 非河南焦作温县垆土
3,1101010501,2020/5/28,19.9,小白嘴白山药铁棍山药新鲜蔬菜铁杆淮山药5斤 非河南焦作温县垆土
3,1101010501,2020/5/29,19.9,小白嘴白山药铁棍山药新鲜蔬菜铁杆淮山药5斤 非河南焦作温县垆土
3,1101010501,2020/5/30,19.9,小白嘴白山药铁棍山药新鲜蔬菜铁杆淮山药5斤 非河南焦作温县垆土
3,1101010501,2020/5/31,19.9,小白嘴白山药铁棍山药新鲜蔬菜铁杆淮山药5斤 非河南焦作温县垆土
3,1101010501,2020/6/1,19.9,小白嘴白山药铁棍山药新鲜蔬菜铁杆淮山药5斤 非河南焦作温县垆土
3,1101010501,2020/6/2,19.9,小白嘴白山药铁棍山药新鲜蔬菜铁杆淮山药5斤 非河南焦作温县垆土
3,1101010501,2020/6/3,19.9,小白嘴白山药铁棍山药新鲜蔬菜铁杆淮山药5斤 非河南焦作温县垆土
3,1101010501,2020/6/4,19.9,小白嘴白山药铁棍山药新鲜蔬菜铁杆淮山药5斤 非河南焦作温县垆土
3,1101010501,2020/6/5,19.9,小白嘴白山药铁棍山药新鲜蔬菜铁杆淮山药5斤 非河南焦作温县垆土
3,1101010501,2020/6/6,19.9,小白嘴白山药铁棍山药新鲜蔬菜铁杆淮山药5斤 非河南焦作温县垆土
3,1101010501,2020/6/7,19.9,小白嘴白山药铁棍山药新鲜蔬菜铁杆淮山药5斤 非河南焦作温县垆土
3,1101010501,2020/6/8,19.9,小白嘴白山药铁棍山药新鲜蔬菜铁杆淮山药5斤 非河南焦作温县垆土
3,1101010501,2020/6/9,19.9,小白嘴白山药铁棍山药新鲜蔬菜铁杆淮山药5斤 非河南焦作温县垆土
3,1101010501,2020/6/10,19.9,小白嘴白山药铁棍山药新鲜蔬菜铁杆淮山药5斤 非河南焦作温县垆土
3,1101010501,2020/6/11,19.9,小白嘴白山药铁棍山药新鲜蔬菜铁杆淮山药5斤 非河南焦作温县垆土
3,1101010501,2020/6/12,19.9,小白嘴白山药铁棍山药新鲜蔬菜铁杆淮山药5斤 非河南焦作温县垆土
3,1101010501,2020/6/13,19.9,小白嘴白山药铁棍山药新鲜蔬菜铁杆淮山药5斤 非河南焦作温县垆土
3,1101010501,2020/6/14,19.9,小白嘴白山药铁棍山药新鲜蔬菜铁杆淮山药5斤 非河南焦作温县垆土
3,1101010501,2020/6/15,19.9,小白嘴白山药铁棍山药新鲜蔬菜铁杆淮山药5斤 非河南焦作温县垆土
3,1101010501,2020/6/16,19.9,小白嘴白山药铁棍山药新鲜蔬菜铁杆淮山药5斤 非河南焦作温县垆土
3,1101010501,2020/6/17,19.9,小白嘴白山药铁棍山药新鲜蔬菜铁杆淮山药5斤 非河南焦作温县垆土
3,1101010501,2020/6/18,19.9,小白嘴白山药铁棍山药新鲜蔬菜铁杆淮山药5斤 非河南焦作温县垆土
3,1101010501,2020/6/19,19.9,小白嘴白山药铁棍山药新鲜蔬菜铁杆淮山药5斤 非河南焦作温县垆土
3,1101010501,2020/6/20,19.9,小白嘴白山药铁棍山药新鲜蔬菜铁杆淮山药5斤 非河南焦作温县垆土
3,1101010501,2020/6/21,19.9,小白嘴白山药铁棍山药新鲜蔬菜铁杆淮山药5斤 非河南焦作温县垆土
3,1101010501,2020/6/22,19.9,小白嘴白山药铁棍山药新鲜蔬菜铁杆淮山药5斤 非河南焦作温县垆土
3,1101010501,2020/6/23,19.9,小白嘴白山药铁棍山药新鲜蔬菜铁杆淮山药5斤 非河南焦作温县垆土
3,1101010501,2020/6/24,19.9,小白嘴白山药铁棍山药新鲜蔬菜铁杆淮山药5斤 非河南焦作温县垆土
3,1101010501,2020/6/25,19.9,小白嘴白山药铁棍山药新鲜蔬菜铁杆淮山药5斤 非河南焦作温县垆土
3,1101010501,2020/6/26,19.9,小白嘴白山药铁棍山药新鲜蔬菜铁杆淮山药5斤 非河南焦作温县垆土
3,1101010501,2020/6/27,19.9,小白嘴白山药铁棍山药新鲜蔬菜铁杆淮山药5斤 非河南焦作温县垆土
3,1101010501,2020/6/28,19.9,小白嘴白山药铁棍山药新鲜蔬菜铁杆淮山药5斤 非河南焦作温县垆土
3,1101010501,2020/6/29,19.9,小白嘴白山药铁棍山药新鲜蔬菜铁杆淮山药5斤 非河南焦作温县垆土
3,1101010501,2020/6/30,19.9,小白嘴白山药铁棍山药新鲜蔬菜铁杆淮山药5斤 非河南焦作温县垆土
3,1101010501,2020/7/1,19.9,小白嘴白山药铁棍山药新鲜蔬菜铁杆淮山药5斤 非河南焦作温县垆土
3,1101010501,2020/7/2,19.9,小白嘴白山药铁棍山药新鲜蔬菜铁杆淮山药5斤 非河南焦作温县垆土
3,1101010501,2020/7/3,19.9,小白嘴白山药铁棍山药新鲜蔬菜铁杆淮山药5斤 非河南焦作温县垆土
3,1101010501,2020/7/4,19.9,小白嘴白山药铁棍山药新鲜蔬菜铁杆淮山药5斤 非河南焦作温县垆土
3,1101010501,2020/7/5,19.9,小白嘴白山药铁棍山药新鲜蔬菜铁杆淮山药5斤 非河南焦作温县垆土
3,1101010501,2020/7/6,19.9,小白嘴白山药铁棍山药新鲜蔬菜铁杆淮山药5斤 非河南焦作温县垆土
3,1101010501,2020/7/7,19.9,小白嘴白山药铁棍山药新鲜蔬菜铁杆淮山药5斤 非河南焦作温县垆土
3,1101010501,2020/7/8,19.9,小白嘴白山药铁棍山药新鲜蔬菜铁杆淮山药5斤 非河南焦作温县垆土
3,1101010501,2020/7/9,19.9,小白嘴白山药铁棍山药新鲜蔬菜铁杆淮山药5斤 非河南焦作温县垆土
3,1101010501,2020/7/10,19.9,小白嘴白山药铁棍山药新鲜蔬菜铁杆淮山药5斤 非河南焦作温县垆土
3,1101010501,2020/7/11,19.9,小白嘴白山药铁棍山药新鲜蔬菜铁杆淮山药5斤 非河南焦作温县垆土
3,1101010501,2020/7/12,19.9,小白嘴白山药铁棍山药新鲜蔬菜铁杆淮山药5斤 非河南焦作温县垆土
3,1101010501,2020/7/13,19.9,小白嘴白山药铁棍山药新鲜蔬菜铁杆淮山药5斤 非河南焦作温县垆土
3,1101010501,2020/7/14,19.9,小白嘴白山药铁棍山药新鲜蔬菜铁杆淮山药5斤 非河南焦作温县垆土
3,1101010501,2020/7/15,19.9,小白嘴白山药铁棍山药新鲜蔬菜铁杆淮山药5斤 非河南焦作温县垆土
3,1101010501,2020/7/16,19.9,小白嘴白山药铁棍山药新鲜蔬菜铁杆淮山药5斤 非河南焦作温县垆土
3,1101010501,2020/7/17,19.9,小白嘴白山药铁棍山药新鲜蔬菜铁杆淮山药5斤 非河南焦作温县垆土
3,1101010501,2020/7/18,19.9,小白嘴白山药铁棍山药新鲜蔬菜铁杆淮山药5斤 非河南焦作温县垆土
3,1101010501,2020/7/19,19.9,小白嘴白山药铁棍山药新鲜蔬菜铁杆淮山药5斤 非河南焦作温县垆土
3,1101010501,2020/7/20,19.9,小白嘴白山药铁棍山药新鲜蔬菜铁杆淮山药5斤 非河南焦作温县垆土
3,1101010501,2020/7/21,19.9,小白嘴白山药铁棍山药新鲜蔬菜铁杆淮山药5斤 非河南焦作温县垆土
3,1101010501,2020/7/22,19.9,小白嘴白山药铁棍山药新鲜蔬菜铁杆淮山药5斤 非河南焦作温县垆土
3,1101010501,2020/7/23,24.9,小白嘴白山药铁棍山药新鲜蔬菜铁杆淮山药5斤 非河南焦作温县垆土
3,1101010501,2020/7/24,24.9,小白嘴白山药铁棍山药新鲜蔬菜铁杆淮山药5斤 非河南焦作温县垆土
3,1101010501,2020/7/25,24.9,小白嘴白山药铁棍山药新鲜蔬菜铁杆淮山药5斤 非河南焦作温县垆土
3,1101010501,2020/7/26,24.9,小白嘴白山药铁棍山药新鲜蔬菜铁杆淮山药5斤 非河南焦作温县垆土
3,1101010501,2020/7/27,24.9,小白嘴白山药铁棍山药新鲜蔬菜铁杆淮山药5斤 非河南焦作温县垆土
3,1101010501,2020/7/28,24.9,小白嘴白山药铁棍山药新鲜蔬菜铁杆淮山药5斤 非河南焦作温县垆土
3,1101010501,2020/7/29,24.9,小白嘴白山药铁棍山药新鲜蔬菜铁杆淮山药5斤 非河南焦作温县垆土
3,1101010501,2020/7/30,24.9,小白嘴白山药铁棍山药新鲜蔬菜铁杆淮山药5斤 非河南焦作温县垆土
3,1101010501,2020/7/31,24.9,小白嘴白山药铁棍山药新鲜蔬菜铁杆淮山药5斤 非河南焦作温县垆土
3,1101010501,2020/8/1,24.9,小白嘴白山药铁棍山药新鲜蔬菜铁杆淮山药5斤 非河南焦作温县垆土
3,1101010501,2020/8/2,19.9,小白嘴白山药铁棍山药新鲜蔬菜铁杆淮山药5斤 非河南焦作温县垆土
3,1101010501,2020/8/3,19.9,小白嘴白山药铁棍山药新鲜蔬菜铁杆淮山药5斤 非河南焦作温县垆土
3,1101010501,2020/8/4,24.9,小白嘴白山药铁棍山药新鲜蔬菜铁杆淮山药5斤 非河南焦作温县垆土
3,1101010501,2020/8/5,24.9,小白嘴白山药铁棍山药新鲜蔬菜铁杆淮山药5斤 非河南焦作温县垆土
3,1101010501,2020/8/6,24.9,小白嘴白山药铁棍山药新鲜蔬菜铁杆淮山药5斤 非河南焦作温县垆土
3,1101010501,2020/8/7,24.9,小白嘴白山药铁棍山药新鲜蔬菜铁杆淮山药5斤 非河南焦作温县垆土
3,1101010501,2020/8/8,24.9,小白嘴白山药铁棍山药新鲜蔬菜铁杆淮山药5斤 非河南焦作温县垆土
3,1101010501,2020/8/9,24.9,小白嘴白山药铁棍山药新鲜蔬菜铁杆淮山药5斤 非河南焦作温县垆土
3,1101010501,2020/8/10,19.9,小白嘴白山药铁棍山药新鲜蔬菜铁杆淮山药5斤 非河南焦作温县垆土
3,1101010501,2020/8/11,19.9,小白嘴白山药铁棍山药新鲜蔬菜铁杆淮山药5斤 非河南焦作温县垆土
3,1101010501,2020/8/12,19.9,小白嘴白山药铁棍山药新鲜蔬菜铁杆淮山药5斤 非河南焦作温县垆土
3,1101010501,2020/8/13,24.9,小白嘴白山药铁棍山药新鲜蔬菜铁杆淮山药5斤 非河南焦作温县垆土
3,1101010501,2020/8/14,24.9,小白嘴白山药铁棍山药新鲜蔬菜铁杆淮山药5斤 非河南焦作温县垆土
3,1101010501,2020/8/15,24.9,小白嘴白山药铁棍山药新鲜蔬菜铁杆淮山药5斤 非河南焦作温县垆土
3,1101010501,2020/8/16,24.9,小白嘴白山药铁棍山药新鲜蔬菜铁杆淮山药5斤 非河南焦作温县垆土
3,1101010501,2020/8/17,19.9,小白嘴白山药铁棍山药新鲜蔬菜铁杆淮山药5斤 非河南焦作温县垆土
3,1101010501,2020/8/18,24.9,小白嘴白山药铁棍山药新鲜蔬菜铁杆淮山药5斤 非河南焦作温县垆土
3,1101010501,2020/8/19,24.9,小白嘴白山药铁棍山药新鲜蔬菜铁杆淮山药5斤 非河南焦作温县垆土
3,1101010501,2020/8/20,24.9,小白嘴白山药铁棍山药新鲜蔬菜铁杆淮山药5斤 非河南焦作温县垆土
3,1101010501,2020/8/21,24.9,小白嘴白山药铁棍山药新鲜蔬菜铁杆淮山药5斤 非河南焦作温县垆土
3,1101010501,2020/8/22,24.9,小白嘴白山药铁棍山药新鲜蔬菜铁杆淮山药5斤 非河南焦作温县垆土
3,1101010501,2020/8/23,24.9,小白嘴白山药铁棍山药新鲜蔬菜铁杆淮山药5斤 非河南焦作温县垆土
3,1101010501,2020/8/24,24.9,小白嘴白山药铁棍山药新鲜蔬菜铁杆淮山药5斤 非河南焦作温县垆土
3,1101010501,2020/8/25,24.9,小白嘴白山药铁棍山药新鲜蔬菜铁杆淮山药5斤 非河南焦作温县垆土
3,1101010501,2020/8/26,24.9,小白嘴白山药铁棍山药新鲜蔬菜铁杆淮山药5斤 非河南焦作温县垆土
3,1101010501,2020/8/27,24.9,小白嘴白山药铁棍山药新鲜蔬菜铁杆淮山药5斤 非河南焦作温县垆土
3,1101010501,2020/8/28,24.9,小白嘴白山药铁棍山药新鲜蔬菜铁杆淮山药5斤 非河南焦作温县垆土
3,1101010501,2020/8/29,24.9,小白嘴白山药铁棍山药新鲜蔬菜铁杆淮山药5斤 非河南焦作温县垆土
3,1101010501,2020/8/30,24.9,小白嘴白山药铁棍山药新鲜蔬菜铁杆淮山药5斤 非河南焦作温县垆土
3,1101010501,2020/8/31,24.9,小白嘴白山药铁棍山药新鲜蔬菜铁杆淮山药5斤 非河南焦作温县垆土
3,1101010501,2020/9/1,24.9,小白嘴白山药铁棍山药新鲜蔬菜铁杆淮山药5斤 非河南焦作温县垆土
3,1101010501,2020/9/2,19.9,小白嘴白山药铁棍山药新鲜蔬菜铁杆淮山药5斤 非河南焦作温县垆土
3,1101010501,2020/9/3,19.9,小白嘴白山药铁棍山药新鲜蔬菜铁杆淮山药5斤 非河南焦作温县垆土
3,1101010501,2020/9/4,24.9,小白嘴白山药铁棍山药新鲜蔬菜铁杆淮山药5斤 非河南焦作温县垆土
3,1101010501,2020/9/5,24.9,小白嘴白山药铁棍山药新鲜蔬菜铁杆淮山药5斤 非河南焦作温县垆土
3,1101010501,2020/9/6,24.9,小白嘴白山药铁棍山药新鲜蔬菜铁杆淮山药5斤 非河南焦作温县垆土
3,1101010501,2020/9/7,19.9,小白嘴白山药铁棍山药新鲜蔬菜铁杆淮山药5斤 非河南焦作温县垆土
3,1101010501,2020/9/8,24.9,小白嘴白山药铁棍山药新鲜蔬菜铁杆淮山药5斤 非河南焦作温县垆土
3,1101010501,2020/9/9,24.9,小白嘴白山药铁棍山药新鲜蔬菜铁杆淮山药5斤 非河南焦作温县垆土
3,1101010501,2020/9/10,24.9,小白嘴白山药铁棍山药新鲜蔬菜铁杆淮山药5斤 非河南焦作温县垆土
3,1101010501,2020/9/11,24.9,小白嘴白山药铁棍山药新鲜蔬菜铁杆淮山药5斤 非河南焦作温县垆土
3,1101010501,2020/9/12,24.9,小白嘴白山药铁棍山药新鲜蔬菜铁杆淮山药5斤 非河南焦作温县垆土
3,1101010501,2020/9/13,19.9,小白嘴白山药铁棍山药新鲜蔬菜铁杆淮山药5斤 非河南焦作温县垆土
3,1101010501,2020/9/14,19.9,小白嘴白山药铁棍山药新鲜蔬菜铁杆淮山药5斤 非河南焦作温县垆土
3,1101010501,2020/9/15,19.9,小白嘴白山药铁棍山药新鲜蔬菜铁杆淮山药5斤 非河南焦作温县垆土
3,1101010501,2020/9/16,24.9,小白嘴白山药铁棍山药新鲜蔬菜铁杆淮山药5斤 非河南焦作温县垆土
3,1101010501,2020/9/17,19.9,小白嘴白山药铁棍山药新鲜蔬菜铁杆淮山药5斤 非河南焦作温县垆土
3,1101010501,2020/9/18,19.9,小白嘴白山药铁棍山药新鲜蔬菜铁杆淮山药5斤 非河南焦作温县垆土
3,1101010501,2020/9/19,19.9,小白嘴白山药铁棍山药新鲜蔬菜铁杆淮山药5斤 非河南焦作温县垆土
3,1101010501,2020/9/20,19.9,小白嘴白山药铁棍山药新鲜蔬菜铁杆淮山药5斤 非河南焦作温县垆土
3,1101010501,2020/9/21,19.9,小白嘴白山药铁棍山药新鲜蔬菜铁杆淮山药5斤 非河南焦作温县垆土
3,1101010501,2020/9/22,19.9,小白嘴白山药铁棍山药新鲜蔬菜铁杆淮山药5斤 非河南焦作温县垆土
3,1101010501,2020/9/23,19.9,小白嘴白山药铁棍山药新鲜蔬菜铁杆淮山药5斤 非河南焦作温县垆土
3,1101010501,2020/9/24,19.9,小白嘴白山药铁棍山药新鲜蔬菜铁杆淮山药5斤 非河南焦作温县垆土
3,1101010501,2020/9/25,19.9,小白嘴白山药铁棍山药新鲜蔬菜铁杆淮山药5斤 非河南焦作温县垆土
3,1101010501,2020/9/26,19.9,小白嘴白山药铁棍山药新鲜蔬菜铁杆淮山药5斤 非河南焦作温县垆土
3,1101010501,2020/9/27,19.9,小白嘴白山药铁棍山药新鲜蔬菜铁杆淮山药5斤 非河南焦作温县垆土
3,1101010501,2020/9/28,19.9,小白嘴白山药铁棍山药新鲜蔬菜铁杆淮山药5斤 非河南焦作温县垆土
3,1101010501,2020/9/29,19.9,小白嘴白山药铁棍山药新鲜蔬菜铁杆淮山药5斤 非河南焦作温县垆土
3,1101010501,2020/9/30,19.9,小白嘴白山药铁棍山药新鲜蔬菜铁杆淮山药5斤 非河南焦作温县垆土
3,1101010501,2020/10/1,24.9,小白嘴白山药铁棍山药新鲜蔬菜铁杆淮山药5斤 非河南焦作温县垆土
3,1101010501,2020/10/2,24.9,小白嘴白山药铁棍山药新鲜蔬菜铁杆淮山药5斤 非河南焦作温县垆土
3,1101010501,2020/10/3,24.9,小白嘴白山药铁棍山药新鲜蔬菜铁杆淮山药5斤 非河南焦作温县垆土
3,1101010501,2020/10/4,24.9,小白嘴白山药铁棍山药新鲜蔬菜铁杆淮山药5斤 非河南焦作温县垆土
3,1101010501,2020/10/5,24.9,小白嘴白山药铁棍山药新鲜蔬菜铁杆淮山药5斤 非河南焦作温县垆土
3,1101010501,2020/10/6,24.9,小白嘴白山药铁棍山药新鲜蔬菜铁杆淮山药5斤 非河南焦作温县垆土
3,1101010501,2020/10/7,24.9,小白嘴白山药铁棍山药新鲜蔬菜铁杆淮山药5斤 非河南焦作温县垆土
3,1101010501,2020/10/8,24.9,小白嘴白山药铁棍山药新鲜蔬菜铁杆淮山药5斤 非河南焦作温县垆土
3,1101010501,2020/10/9,24.9,小白嘴白山药铁棍山药新鲜蔬菜铁杆淮山药5斤 非河南焦作温县垆土
3,1101010501,2020/10/10,24.9,小白嘴白山药铁棍山药新鲜蔬菜铁杆淮山药5斤 非河南焦作温县垆土
3,1101010501,2020/10/11,24.9,小白嘴白山药铁棍山药新鲜蔬菜铁杆淮山药5斤 非河南焦作温县垆土
3,1101010501,2020/10/12,19.9,小白嘴白山药铁棍山药新鲜蔬菜铁杆淮山药5斤 非河南焦作温县垆土
3,1101010501,2020/10/13,19.9,小白嘴白山药铁棍山药新鲜蔬菜铁杆淮山药5斤 非河南焦作温县垆土
3,1101010501,2020/10/14,19.9,小白嘴白山药铁棍山药新鲜蔬菜铁杆淮山药5斤 非河南焦作温县垆土
3,1101010501,2020/10/15,19.9,小白嘴白山药铁棍山药新鲜蔬菜铁杆淮山药5斤 非河南焦作温县垆土
3,1101010501,2020/10/16,19.9,小白嘴白山药铁棍山药新鲜蔬菜铁杆淮山药5斤 非河南焦作温县垆土
3,1101010501,2020/10/17,24.9,小白嘴白山药铁棍山药新鲜蔬菜铁杆淮山药5斤 非河南焦作温县垆土
3,1101010501,2020/10/18,24.9,小白嘴白山药铁棍山药新鲜蔬菜铁杆淮山药5斤 非河南焦作温县垆土
3,1101010501,2020/10/19,24.9,小白嘴白山药铁棍山药新鲜蔬菜铁杆淮山药5斤 非河南焦作温县垆土
3,1101010501,2020/10/20,24.9,小白嘴白山药铁棍山药新鲜蔬菜铁杆淮山药5斤 非河南焦作温县垆土
3,1101010501,2020/10/21,24.9,小白嘴白山药铁棍山药新鲜蔬菜铁杆淮山药5斤 非河南焦作温县垆土
3,1101010501,2020/10/22,24.9,小白嘴白山药铁棍山药新鲜蔬菜铁杆淮山药5斤 非河南焦作温县垆土
3,1101010501,2020/10/23,24.9,小白嘴白山药铁棍山药新鲜蔬菜铁杆淮山药5斤 非河南焦作温县垆土
3,1101010501,2020/10/24,24.9,小白嘴白山药铁棍山药新鲜蔬菜铁杆淮山药5斤 非河南焦作温县垆土
3,1101010501,2020/10/25,14.9,小白嘴白山药铁棍山药新鲜蔬菜铁杆淮山药5斤 非河南焦作温县垆土
3,1101010501,2020/10/26,14.9,小白嘴白山药铁棍山药新鲜蔬菜铁杆淮山药5斤 非河南焦作温县垆土
3,1101010501,2020/10/27,14.9,小白嘴白山药铁棍山药新鲜蔬菜铁杆淮山药5斤 非河南焦作温县垆土
3,1101010501,2020/10/28,14.9,小白嘴白山药铁棍山药新鲜蔬菜铁杆淮山药5斤 非河南焦作温县垆土
3,1101010501,2020/10/29,14.9,小白嘴白山药铁棍山药新鲜蔬菜铁杆淮山药5斤 非河南焦作温县垆土
3,1101010501,2020/10/30,14.9,小白嘴白山药铁棍山药新鲜蔬菜铁杆淮山药5斤 非河南焦作温县垆土
3,1101010501,2020/10/31,14.8,小白嘴白山药铁棍山药新鲜蔬菜铁杆淮山药5斤 非河南焦作温县垆土
3,1101010501,2020/11/1,19.9,小白嘴白山药铁棍山药新鲜蔬菜铁杆淮山药5斤 非河南焦作温县垆土
3,1101010501,2020/11/2,19.8,小白嘴白山药铁棍山药新鲜蔬菜铁杆淮山药5斤 非河南焦作温县垆土
3,1101010501,2020/11/3,19.9,小白嘴白山药铁棍山药新鲜蔬菜铁杆淮山药5斤 非河南焦作温县垆土
3,1101010501,2020/11/4,19.9,小白嘴白山药铁棍山药新鲜蔬菜铁杆淮山药5斤 非河南焦作温县垆土
3,1101010501,2020/11/5,19.9,小白嘴白山药铁棍山药新鲜蔬菜铁杆淮山药5斤 非河南焦作温县垆土
3,1101010501,2020/11/6,19.9,小白嘴白山药铁棍山药新鲜蔬菜铁杆淮山药5斤 非河南焦作温县垆土
3,1101010501,2020/11/7,19.9,小白嘴白山药铁棍山药新鲜蔬菜铁杆淮山药5斤 非河南焦作温县垆土
3,1101010501,2020/11/8,19.9,小白嘴白山药铁棍山药新鲜蔬菜铁杆淮山药5斤 非河南焦作温县垆土
3,1101010501,2020/11/9,19.9,小白嘴白山药铁棍山药新鲜蔬菜铁杆淮山药5斤 非河南焦作温县垆土
3,1101010501,2020/11/10,19.9,小白嘴白山药铁棍山药新鲜蔬菜铁杆淮山药5斤 非河南焦作温县垆土
3,1101010501,2020/11/11,14.8,小白嘴白山药铁棍山药新鲜蔬菜铁杆淮山药5斤 非河南焦作温县垆土
3,1101010501,2020/11/12,19.9,小白嘴白山药铁棍山药新鲜蔬菜铁杆淮山药5斤 非河南焦作温县垆土
3,1101010501,2020/11/13,19.9,小白嘴白山药铁棍山药新鲜蔬菜铁杆淮山药5斤 非河南焦作温县垆土
3,1101010501,2020/11/14,19.9,小白嘴白山药铁棍山药新鲜蔬菜铁杆淮山药5斤 非河南焦作温县垆土
3,1101010501,2020/11/15,13.6,小白嘴白山药铁棍山药新鲜蔬菜铁杆淮山药5斤 非河南焦作温县垆土
3,1101010501,2020/11/16,13.6,小白嘴白山药铁棍山药新鲜蔬菜铁杆淮山药5斤 非河南焦作温县垆土
3,1101010501,2020/11/17,13.6,小白嘴白山药铁棍山药新鲜蔬菜铁杆淮山药5斤 非河南焦作温县垆土
3,1101010501,2020/11/18,6.6,小白嘴白山药铁棍山药新鲜蔬菜铁杆淮山药5斤 非河南焦作温县垆土
3,1101010501,2020/11/19,12.9,小白嘴白山药铁棍山药新鲜蔬菜铁杆淮山药5斤 非河南焦作温县垆土
3,1101010501,2020/11/20,13.6,小白嘴白山药铁棍山药新鲜蔬菜铁杆淮山药5斤 非河南焦作温县垆土
3,1101010501,2020/11/21,13.6,小白嘴白山药铁棍山药新鲜蔬菜铁杆淮山药5斤 非河南焦作温县垆土
3,1101010501,2020/11/22,8.6,小白嘴白山药铁棍山药新鲜蔬菜铁杆淮山药5斤 非河南焦作温县垆土
3,1101010501,2020/11/23,8.6,小白嘴白山药铁棍山药新鲜蔬菜铁杆淮山药5斤 非河南焦作温县垆土
3,1101010501,2020/11/24,8.6,小白嘴白山药铁棍山药新鲜蔬菜铁杆淮山药5斤 非河南焦作温县垆土
3,1101010501,2020/11/25,8.5,小白嘴白山药铁棍山药新鲜蔬菜铁杆淮山药5斤 非河南焦作温县垆土
3,1101010501,2020/11/26,8.6,小白嘴白山药铁棍山药新鲜蔬菜铁杆淮山药5斤 非河南焦作温县垆土
3,1101010501,2020/11/27,8.6,小白嘴白山药铁棍山药新鲜蔬菜铁杆淮山药5斤 非河南焦作温县垆土
3,1101010501,2020/11/28,9.9,小白嘴白山药铁棍山药新鲜蔬菜铁杆淮山药5斤 非河南焦作温县垆土
3,1101010501,2020/11/29,12.8,小白嘴白山药铁棍山药新鲜蔬菜铁杆淮山药5斤 非河南焦作温县垆土
3,1101010501,2020/11/30,12.8,小白嘴白山药铁棍山药新鲜蔬菜铁杆淮山药5斤 非河南焦作温县垆土
3,1101010501,2020/12/1,12.8,小白嘴白山药铁棍山药新鲜蔬菜铁杆淮山药5斤 非河南焦作温县垆土
3,1101010501,2020/12/2,12.8,小白嘴白山药铁棍山药新鲜蔬菜铁杆淮山药5斤 非河南焦作温县垆土
3,1101010501,2020/12/3,12.8,小白嘴白山药铁棍山药新鲜蔬菜铁杆淮山药5斤 非河南焦作温县垆土
3,1101010501,2020/12/4,7.8,小白嘴白山药铁棍山药新鲜蔬菜铁杆淮山药5斤 非河南焦作温县垆土
3,1101010501,2020/12/5,7.8,小白嘴白山药铁棍山药新鲜蔬菜铁杆淮山药5斤 非河南焦作温县垆土
3,1101010501,2020/12/6,7.8,小白嘴白山药铁棍山药新鲜蔬菜铁杆淮山药5斤 非河南焦作温县垆土
3,1101010501,2020/12/7,7.8,小白嘴白山药铁棍山药新鲜蔬菜铁杆淮山药5斤 非河南焦作温县垆土
3,1101010501,2020/12/8,7.8,小白嘴白山药铁棍山药新鲜蔬菜铁杆淮山药5斤 非河南焦作温县垆土
3,1101010501,2020/12/9,7.8,小白嘴白山药铁棍山药新鲜蔬菜铁杆淮山药5斤 非河南焦作温县垆土
3,1101010501,2020/12/10,7.8,小白嘴白山药铁棍山药新鲜蔬菜铁杆淮山药5斤 非河南焦作温县垆土
3,1101010501,2020/12/11,7.8,小白嘴白山药铁棍山药新鲜蔬菜铁杆淮山药5斤 非河南焦作温县垆土
3,1101010501,2020/12/12,7.8,小白嘴白山药铁棍山药新鲜蔬菜铁杆淮山药5斤 非河南焦作温县垆土
3,1101010501,2020/12/13,7.8,小白嘴白山药铁棍山药新鲜蔬菜铁杆淮山药5斤 非河南焦作温县垆土
3,1101010501,2020/12/14,7.8,小白嘴白山药铁棍山药新鲜蔬菜铁杆淮山药5斤 非河南焦作温县垆土
3,1101010501,2020/12/15,7.8,小白嘴白山药铁棍山药新鲜蔬菜铁杆淮山药5斤 非河南焦作温县垆土
3,1101010501,2020/12/16,7.8,小白嘴白山药铁棍山药新鲜蔬菜铁杆淮山药5斤 非河南焦作温县垆土
3,1101010501,2020/12/17,7.8,小白嘴白山药铁棍山药新鲜蔬菜铁杆淮山药5斤 非河南焦作温县垆土
3,1101010501,2020/12/18,7.8,小白嘴白山药铁棍山药新鲜蔬菜铁杆淮山药5斤 非河南焦作温县垆土
3,1101010501,2020/12/19,11.8,小白嘴白山药铁棍山药新鲜蔬菜铁杆淮山药5斤 非河南焦作温县垆土
3,1101010501,2020/12/20,11.8,小白嘴白山药铁棍山药新鲜蔬菜铁杆淮山药5斤 非河南焦作温县垆土
3,1101010501,2020/12/21,11.8,小白嘴白山药铁棍山药新鲜蔬菜铁杆淮山药5斤 非河南焦作温县垆土
3,1101010501,2020/12/22,6.8,小白嘴白山药铁棍山药新鲜蔬菜铁杆淮山药5斤 非河南焦作温县垆土
3,1101010501,2020/12/23,11.8,小白嘴白山药铁棍山药新鲜蔬菜铁杆淮山药5斤 非河南焦作温县垆土
3,1101010501,2020/12/24,11.8,小白嘴白山药铁棍山药新鲜蔬菜铁杆淮山药5斤 非河南焦作温县垆土
3,1101010501,2020/12/25,22.8,小白嘴白山药铁棍山药新鲜蔬菜铁杆淮山药5斤 非河南焦作温县垆土
3,1101010501,2020/12/26,11.8,小白嘴白山药铁棍山药新鲜蔬菜铁杆淮山药5斤 非河南焦作温县垆土
3,1101010501,2020/12/27,11.8,小白嘴白山药铁棍山药新鲜蔬菜铁杆淮山药5斤 非河南焦作温县垆土
3,1101010501,2020/12/28,11.8,小白嘴白山药铁棍山药新鲜蔬菜铁杆淮山药5斤 非河南焦作温县垆土
3,1101010501,2020/12/29,11.8,小白嘴白山药铁棍山药新鲜蔬菜铁杆淮山药5斤 非河南焦作温县垆土
3,1101010501,2020/12/30,6.8,小白嘴白山药铁棍山药新鲜蔬菜铁杆淮山药5斤 非河南焦作温县垆土
3,1101010501,2020/12/31,6.8,小白嘴白山药铁棍山药新鲜蔬菜铁杆淮山药5斤 非河南焦作温县垆土
3,1101010501,2021/1/1,11.8,小白嘴白山药铁棍山药新鲜蔬菜铁杆淮山药5斤 非河南焦作温县垆土
3,1101010501,2021/1/2,11.8,小白嘴白山药铁棍山药新鲜蔬菜铁杆淮山药5斤 非河南焦作温县垆土
3,1101010501,2021/1/3,6.7,小白嘴白山药铁棍山药新鲜蔬菜铁杆淮山药5斤 非河南焦作温县垆土
3,1101010501,2021/1/4,11.7,小白嘴白山药铁棍山药新鲜蔬菜铁杆淮山药5斤 非河南焦作温县垆土
3,1101010501,2021/1/5,11.7,小白嘴白山药铁棍山药新鲜蔬菜铁杆淮山药5斤 非河南焦作温县垆土
3,1101010501,2021/1/6,11.7,小白嘴白山药铁棍山药新鲜蔬菜铁杆淮山药5斤 非河南焦作温县垆土
3,1101010501,2021/1/7,11.7,小白嘴白山药铁棍山药新鲜蔬菜铁杆淮山药5斤 非河南焦作温县垆土
3,1101010501,2021/1/8,11.7,小白嘴白山药铁棍山药新鲜蔬菜铁杆淮山药5斤 非河南焦作温县垆土
3,1101010501,2021/1/9,11.7,小白嘴白山药铁棍山药新鲜蔬菜铁杆淮山药5斤 非河南焦作温县垆土
3,1101010501,2021/1/10,11.7,小白嘴白山药铁棍山药新鲜蔬菜铁杆淮山药5斤 非河南焦作温县垆土
3,1101010501,2021/1/11,11.7,小白嘴白山药铁棍山药新鲜蔬菜铁杆淮山药5斤 非河南焦作温县垆土
3,1101010501,2021/1/12,11.7,小白嘴白山药铁棍山药新鲜蔬菜铁杆淮山药5斤 非河南焦作温县垆土
3,1101010501,2021/1/13,11.7,小白嘴白山药铁棍山药新鲜蔬菜铁杆淮山药5斤 非河南焦作温县垆土
3,1101010501,2021/1/14,11.7,小白嘴白山药铁棍山药新鲜蔬菜铁杆淮山药5斤 非河南焦作温县垆土
3,1101010501,2021/1/15,10.8,小白嘴白山药铁棍山药新鲜蔬菜铁杆淮山药5斤 非河南焦作温县垆土
3,1101010501,2021/1/16,5.8,小白嘴白山药铁棍山药新鲜蔬菜铁杆淮山药5斤 非河南焦作温县垆土
3,1101010501,2021/1/17,5.8,小白嘴白山药铁棍山药新鲜蔬菜铁杆淮山药5斤 非河南焦作温县垆土
3,1101010501,2021/1/18,5.8,小白嘴白山药铁棍山药新鲜蔬菜铁杆淮山药5斤 非河南焦作温县垆土
3,1101010501,2021/1/19,6.8,小白嘴白山药铁棍山药新鲜蔬菜铁杆淮山药5斤 非河南焦作温县垆土
3,1101010501,2021/1/20,5.8,小白嘴白山药铁棍山药新鲜蔬菜铁杆淮山药5斤 非河南焦作温县垆土
3,1101010501,2021/1/21,11.8,小白嘴白山药铁棍山药新鲜蔬菜铁杆淮山药5斤 非河南焦作温县垆土
3,1101010501,2021/1/22,11.8,小白嘴白山药铁棍山药新鲜蔬菜铁杆淮山药5斤 非河南焦作温县垆土
3,1101010501,2021/1/23,11.8,小白嘴白山药铁棍山药新鲜蔬菜铁杆淮山药5斤 非河南焦作温县垆土
3,1101010501,2021/1/24,11.8,小白嘴白山药铁棍山药新鲜蔬菜铁杆淮山药5斤 非河南焦作温县垆土
3,1101010501,2021/1/25,11.8,小白嘴白山药铁棍山药新鲜蔬菜铁杆淮山药5斤 非河南焦作温县垆土
3,1101010501,2021/1/26,5.8,小白嘴白山药铁棍山药新鲜蔬菜铁杆淮山药5斤 非河南焦作温县垆土
3,1101010501,2021/1/27,5.8,小白嘴白山药铁棍山药新鲜蔬菜铁杆淮山药5斤 非河南焦作温县垆土
3,1101010501,2021/1/28,5.8,小白嘴白山药铁棍山药新鲜蔬菜铁杆淮山药5斤 非河南焦作温县垆土
3,1101010501,2021/1/29,5.8,小白嘴白山药铁棍山药新鲜蔬菜铁杆淮山药5斤 非河南焦作温县垆土
3,1101010501,2021/1/30,5.8,小白嘴白山药铁棍山药新鲜蔬菜铁杆淮山药5斤 非河南焦作温县垆土
3,1101010501,2021/1/31,5.8,小白嘴白山药铁棍山药新鲜蔬菜铁杆淮山药5斤 非河南焦作温县垆土
3,1101010501,2021/2/1,5.8,小白嘴白山药铁棍山药新鲜蔬菜铁杆淮山药5斤 非河南焦作温县垆土
3,1101010501,2021/2/2,10.8,小白嘴白山药铁棍山药新鲜蔬菜铁杆淮山药5斤 非河南焦作温县垆土
3,1101010501,2021/2/3,5.8,小白嘴白山药铁棍山药新鲜蔬菜铁杆淮山药5斤 非河南焦作温县垆土
3,1101010501,2021/2/4,10.8,小白嘴白山药铁棍山药新鲜蔬菜铁杆淮山药5斤 非河南焦作温县垆土
3,1101010501,2021/2/5,10.8,小白嘴白山药铁棍山药新鲜蔬菜铁杆淮山药5斤 非河南焦作温县垆土
3,1101010501,2021/2/6,10.8,小白嘴白山药铁棍山药新鲜蔬菜铁杆淮山药5斤 非河南焦作温县垆土
3,1101010501,2021/2/7,10.8,小白嘴白山药铁棍山药新鲜蔬菜铁杆淮山药5斤 非河南焦作温县垆土
3,1101010501,2021/2/8,19.8,小白嘴白山药铁棍山药新鲜蔬菜铁杆淮山药5斤 非河南焦作温县垆土
3,1101010501,2021/2/9,10.8,小白嘴白山药铁棍山药新鲜蔬菜铁杆淮山药5斤 非河南焦作温县垆土
3,1101010501,2021/2/10,10.8,小白嘴白山药铁棍山药新鲜蔬菜铁杆淮山药5斤 非河南焦作温县垆土
3,1101010501,2021/2/11,10.8,小白嘴白山药铁棍山药新鲜蔬菜铁杆淮山药5斤 非河南焦作温县垆土
3,1101010501,2021/2/12,10.8,小白嘴白山药铁棍山药新鲜蔬菜铁杆淮山药5斤 非河南焦作温县垆土
3,1101010501,2021/2/13,10.8,小白嘴白山药铁棍山药新鲜蔬菜铁杆淮山药5斤 非河南焦作温县垆土
3,1101010501,2021/2/14,10.8,小白嘴白山药铁棍山药新鲜蔬菜铁杆淮山药5斤 非河南焦作温县垆土
3,1101010501,2021/2/15,10.8,小白嘴白山药铁棍山药新鲜蔬菜铁杆淮山药5斤 非河南焦作温县垆土
3,1101010501,2021/2/16,10.8,小白嘴白山药铁棍山药新鲜蔬菜铁杆淮山药5斤 非河南焦作温县垆土
3,1101010501,2021/2/17,10.8,小白嘴白山药铁棍山药新鲜蔬菜铁杆淮山药5斤 非河南焦作温县垆土
3,1101010501,2021/2/18,10.8,小白嘴白山药铁棍山药新鲜蔬菜铁杆淮山药5斤 非河南焦作温县垆土
3,1101010501,2021/2/19,10.8,小白嘴白山药铁棍山药新鲜蔬菜铁杆淮山药5斤 非河南焦作温县垆土
3,1101010501,2021/2/20,10.8,小白嘴白山药铁棍山药新鲜蔬菜铁杆淮山药5斤 非河南焦作温县垆土
3,1101010501,2021/2/21,10.5,小白嘴白山药铁棍山药新鲜蔬菜铁杆淮山药5斤 非河南焦作温县垆土
3,1101010501,2021/2/22,10.5,小白嘴白山药铁棍山药新鲜蔬菜铁杆淮山药5斤 非河南焦作温县垆土
3,1101010501,2021/2/23,10.5,小白嘴白山药铁棍山药新鲜蔬菜铁杆淮山药5斤 非河南焦作温县垆土
3,1101010501,2021/2/24,10.5,小白嘴白山药铁棍山药新鲜蔬菜铁杆淮山药5斤 非河南焦作温县垆土
3,1101010501,2021/2/25,10.5,小白嘴白山药铁棍山药新鲜蔬菜铁杆淮山药5斤 非河南焦作温县垆土
3,1101010501,2021/2/26,10.5,小白嘴白山药铁棍山药新鲜蔬菜铁杆淮山药5斤 非河南焦作温县垆土
3,1101010501,2021/2/27,10.5,小白嘴白山药铁棍山药新鲜蔬菜铁杆淮山药5斤 非河南焦作温县垆土
3,1101010501,2021/2/28,10.5,小白嘴白山药铁棍山药新鲜蔬菜铁杆淮山药5斤 非河南焦作温县垆土
3,1101010501,2021/3/1,10.5,小白嘴白山药铁棍山药新鲜蔬菜铁杆淮山药5斤 非河南焦作温县垆土
3,1101010501,2021/3/2,5.5,小白嘴白山药铁棍山药新鲜蔬菜铁杆淮山药5斤 非河南焦作温县垆土
3,1101010501,2021/3/3,10.5,小白嘴白山药铁棍山药新鲜蔬菜铁杆淮山药5斤 非河南焦作温县垆土
3,1101010501,2021/3/4,10.5,小白嘴白山药铁棍山药新鲜蔬菜铁杆淮山药5斤 非河南焦作温县垆土
3,1101010501,2021/3/5,10.5,小白嘴白山药铁棍山药新鲜蔬菜铁杆淮山药5斤 非河南焦作温县垆土
3,1101010501,2021/3/6,10.5,小白嘴白山药铁棍山药新鲜蔬菜铁杆淮山药5斤 非河南焦作温县垆土
3,1101010501,2021/3/7,10.5,小白嘴白山药铁棍山药新鲜蔬菜铁杆淮山药5斤 非河南焦作温县垆土
3,1101010501,2021/3/8,10.5,小白嘴白山药铁棍山药新鲜蔬菜铁杆淮山药5斤 非河南焦作温县垆土
3,1101010501,2021/3/9,10.5,小白嘴白山药铁棍山药新鲜蔬菜铁杆淮山药5斤 非河南焦作温县垆土
3,1101010501,2021/3/10,10.5,小白嘴白山药铁棍山药新鲜蔬菜铁杆淮山药5斤 非河南焦作温县垆土
3,1101010501,2021/3/11,10.5,小白嘴白山药铁棍山药新鲜蔬菜铁杆淮山药5斤 非河南焦作温县垆土
3,1101010501,2021/3/12,10.5,小白嘴白山药铁棍山药新鲜蔬菜铁杆淮山药5斤 非河南焦作温县垆土
3,1101010501,2021/3/13,10.5,小白嘴白山药铁棍山药新鲜蔬菜铁杆淮山药5斤 非河南焦作温县垆土
3,1101010501,2021/3/14,10.5,小白嘴白山药铁棍山药新鲜蔬菜铁杆淮山药5斤 非河南焦作温县垆土
3,1101010501,2021/3/15,10.5,小白嘴白山药铁棍山药新鲜蔬菜铁杆淮山药5斤 非河南焦作温县垆土
3,1101010501,2021/3/16,10.5,小白嘴白山药铁棍山药新鲜蔬菜铁杆淮山药5斤 非河南焦作温县垆土
3,1101010501,2021/3/17,10.5,小白嘴白山药铁棍山药新鲜蔬菜铁杆淮山药5斤 非河南焦作温县垆土
3,1101010501,2021/3/18,10.5,小白嘴白山药铁棍山药新鲜蔬菜铁杆淮山药5斤 非河南焦作温县垆土
3,1101010501,2021/3/19,10.5,小白嘴白山药铁棍山药新鲜蔬菜铁杆淮山药5斤 非河南焦作温县垆土
3,1101010501,2021/3/20,10.5,小白嘴白山药铁棍山药新鲜蔬菜铁杆淮山药5斤 非河南焦作温县垆土
3,1101010501,2021/3/21,10.5,小白嘴白山药铁棍山药新鲜蔬菜铁杆淮山药5斤 非河南焦作温县垆土
3,1101010501,2021/3/22,10.5,小白嘴白山药铁棍山药新鲜蔬菜铁杆淮山药5斤 非河南焦作温县垆土
3,1101010501,2021/3/23,10.5,小白嘴白山药铁棍山药新鲜蔬菜铁杆淮山药5斤 非河南焦作温县垆土
3,1101010501,2021/3/24,10.5,小白嘴白山药铁棍山药新鲜蔬菜铁杆淮山药5斤 非河南焦作温县垆土
3,1101010501,2021/3/25,10.5,小白嘴白山药铁棍山药新鲜蔬菜铁杆淮山药5斤 非河南焦作温县垆土
3,1101010501,2021/3/26,10.5,小白嘴白山药铁棍山药新鲜蔬菜铁杆淮山药5斤 非河南焦作温县垆土
3,1101010501,2021/3/27,10.5,小白嘴白山药铁棍山药新鲜蔬菜铁杆淮山药5斤 非河南焦作温县垆土
3,1101010501,2021/3/28,10.5,小白嘴白山药铁棍山药新鲜蔬菜铁杆淮山药5斤 非河南焦作温县垆土
3,1101010501,2021/3/29,10.5,小白嘴白山药铁棍山药新鲜蔬菜铁杆淮山药5斤 非河南焦作温县垆土
3,1101010501,2021/3/30,10.5,小白嘴白山药铁棍山药新鲜蔬菜铁杆淮山药5斤 非河南焦作温县垆土
3,1101010501,2021/3/31,10.5,小白嘴白山药铁棍山药新鲜蔬菜铁杆淮山药5斤 非河南焦作温县垆土
3,1101010501,2021/4/1,10.5,小白嘴白山药铁棍山药新鲜蔬菜铁杆淮山药5斤 非河南焦作温县垆土
3,1101010501,2021/4/2,10.5,小白嘴白山药铁棍山药新鲜蔬菜铁杆淮山药5斤 非河南焦作温县垆土
3,1101010501,2021/4/3,10.5,小白嘴白山药铁棍山药新鲜蔬菜铁杆淮山药5斤 非河南焦作温县垆土
3,1101010501,2021/4/4,5.5,小白嘴白山药铁棍山药新鲜蔬菜铁杆淮山药5斤 非河南焦作温县垆土
3,1101010501,2021/4/5,5.5,小白嘴白山药铁棍山药新鲜蔬菜铁杆淮山药5斤 非河南焦作温县垆土
3,1101010501,2021/4/6,5.5,小白嘴白山药铁棍山药新鲜蔬菜铁杆淮山药5斤 非河南焦作温县垆土
3,1101010501,2021/4/7,5.5,小白嘴白山药铁棍山药新鲜蔬菜铁杆淮山药5斤 非河南焦作温县垆土
3,1101010501,2021/4/8,5.5,小白嘴白山药铁棍山药新鲜蔬菜铁杆淮山药5斤 非河南焦作温县垆土
3,1101010501,2021/4/9,5.5,小白嘴白山药铁棍山药新鲜蔬菜铁杆淮山药5斤 非河南焦作温县垆土
3,1101010501,2021/4/10,5.5,小白嘴白山药铁棍山药新鲜蔬菜铁杆淮山药5斤 非河南焦作温县垆土
3,1101010501,2021/4/11,5.5,小白嘴白山药铁棍山药新鲜蔬菜铁杆淮山药5斤 非河南焦作温县垆土
3,1101010501,2021/4/12,5.5,小白嘴白山药铁棍山药新鲜蔬菜铁杆淮山药5斤 非河南焦作温县垆土
3,1101010501,2021/4/13,5.5,小白嘴白山药铁棍山药新鲜蔬菜铁杆淮山药5斤 非河南焦作温县垆土
3,1101010501,2021/4/14,5.5,小白嘴白山药铁棍山药新鲜蔬菜铁杆淮山药5斤 非河南焦作温县垆土
3,1101010501,2021/4/15,5.5,小白嘴白山药铁棍山药新鲜蔬菜铁杆淮山药5斤 非河南焦作温县垆土
3,1101010501,2021/4/16,5.5,小白嘴白山药铁棍山药新鲜蔬菜铁杆淮山药5斤 非河南焦作温县垆土
3,1101010501,2021/4/17,10.0,小白嘴白山药铁棍山药新鲜蔬菜铁杆淮山药5斤 非河南焦作温县垆土
3,1101010501,2021/4/18,10.0,小白嘴白山药铁棍山药新鲜蔬菜铁杆淮山药5斤 非河南焦作温县垆土
3,1101010501,2021/4/19,10.0,小白嘴白山药铁棍山药新鲜蔬菜铁杆淮山药5斤 非河南焦作温县垆土
3,1101010501,2021/4/20,10.0,小白嘴白山药铁棍山药新鲜蔬菜铁杆淮山药5斤 非河南焦作温县垆土
3,1101010501,2021/4/21,10.0,小白嘴白山药铁棍山药新鲜蔬菜铁杆淮山药5斤 非河南焦作温县垆土
3,1101010501,2021/4/22,10.0,小白嘴白山药铁棍山药新鲜蔬菜铁杆淮山药5斤 非河南焦作温县垆土
3,1101010501,2021/4/23,10.0,小白嘴白山药铁棍山药新鲜蔬菜铁杆淮山药5斤 非河南焦作温县垆土
3,1101010501,2021/4/24,10.0,小白嘴白山药铁棍山药新鲜蔬菜铁杆淮山药5斤 非河南焦作温县垆土
3,1101010501,2021/4/25,10.0,小白嘴白山药铁棍山药新鲜蔬菜铁杆淮山药5斤 非河南焦作温县垆土
3,1101010501,2021/4/26,10.0,小白嘴白山药铁棍山药新鲜蔬菜铁杆淮山药5斤 非河南焦作温县垆土
3,1101010501,2021/4/27,10.0,小白嘴白山药铁棍山药新鲜蔬菜铁杆淮山药5斤 非河南焦作温县垆土
3,1101010501,2021/4/28,10.0,小白嘴白山药铁棍山药新鲜蔬菜铁杆淮山药5斤 非河南焦作温县垆土
3,1101010501,2021/4/29,10.0,小白嘴白山药铁棍山药新鲜蔬菜铁杆淮山药5斤 非河南焦作温县垆土
3,1101010501,2021/4/30,10.0,小白嘴白山药铁棍山药新鲜蔬菜铁杆淮山药5斤 非河南焦作温县垆土
3,1101010501,2021/5/1,10.0,小白嘴白山药铁棍山药新鲜蔬菜铁杆淮山药5斤 非河南焦作温县垆土
3,1101010501,2021/5/2,10.5,小白嘴白山药铁棍山药新鲜蔬菜铁杆淮山药5斤 非河南焦作温县垆土
3,1101010501,2021/5/3,10.5,小白嘴白山药铁棍山药新鲜蔬菜铁杆淮山药5斤 非河南焦作温县垆土
3,1101010501,2021/5/4,10.5,小白嘴白山药铁棍山药新鲜蔬菜铁杆淮山药5斤 非河南焦作温县垆土
3,1101010501,2021/5/5,10.5,小白嘴白山药铁棍山药新鲜蔬菜铁杆淮山药5斤 非河南焦作温县垆土
3,1101010501,2021/5/6,10.5,小白嘴白山药铁棍山药新鲜蔬菜铁杆淮山药5斤 非河南焦作温县垆土
3,1101010501,2021/5/7,10.5,小白嘴白山药铁棍山药新鲜蔬菜铁杆淮山药5斤 非河南焦作温县垆土
3,1101010501,2021/5/8,10.5,小白嘴白山药铁棍山药新鲜蔬菜铁杆淮山药5斤 非河南焦作温县垆土
3,1101010501,2021/5/9,10.5,小白嘴白山药铁棍山药新鲜蔬菜铁杆淮山药5斤 非河南焦作温县垆土
3,1101010501,2021/5/10,10.5,小白嘴白山药铁棍山药新鲜蔬菜铁杆淮山药5斤 非河南焦作温县垆土
3,1101010501,2021/5/11,10.5,小白嘴白山药铁棍山药新鲜蔬菜铁杆淮山药5斤 非河南焦作温县垆土
3,1101010501,2021/5/12,10.5,小白嘴白山药铁棍山药新鲜蔬菜铁杆淮山药5斤 非河南焦作温县垆土
3,1101010501,2021/5/13,10.5,小白嘴白山药铁棍山药新鲜蔬菜铁杆淮山药5斤 非河南焦作温县垆土
3,1101010501,2021/5/14,10.5,小白嘴白山药铁棍山药新鲜蔬菜铁杆淮山药5斤 非河南焦作温县垆土
3,1101010501,2021/5/15,10.5,小白嘴白山药铁棍山药新鲜蔬菜铁杆淮山药5斤 非河南焦作温县垆土
3,1101010501,2021/5/16,10.5,小白嘴白山药铁棍山药新鲜蔬菜铁杆淮山药5斤 非河南焦作温县垆土
3,1101010501,2021/5/17,10.5,小白嘴白山药铁棍山药新鲜蔬菜铁杆淮山药5斤 非河南焦作温县垆土
3,1101010501,2021/5/18,5.5,小白嘴白山药铁棍山药新鲜蔬菜铁杆淮山药5斤 非河南焦作温县垆土
3,1101010501,2021/5/19,38.9,小白嘴白山药铁棍山药新鲜蔬菜铁杆淮山药5斤 非河南焦作温县垆土
3,1101010501,2021/5/20,10.0,小白嘴白山药铁棍山药新鲜蔬菜铁杆淮山药5斤 非河南焦作温县垆土
3,1101010501,2021/5/21,10.0,小白嘴白山药铁棍山药新鲜蔬菜铁杆淮山药5斤 非河南焦作温县垆土
3,1101010501,2021/5/22,10.0,小白嘴白山药铁棍山药新鲜蔬菜铁杆淮山药5斤 非河南焦作温县垆土
3,1101010501,2021/5/23,10.0,小白嘴白山药铁棍山药新鲜蔬菜铁杆淮山药5斤 非河南焦作温县垆土
3,1101010501,2021/5/24,10.0,小白嘴白山药铁棍山药新鲜蔬菜铁杆淮山药5斤 非河南焦作温县垆土
3,1101010501,2021/5/25,10.0,小白嘴白山药铁棍山药新鲜蔬菜铁杆淮山药5斤 非河南焦作温县垆土
3,1101010501,2021/5/26,10.0,小白嘴白山药铁棍山药新鲜蔬菜铁杆淮山药5斤 非河南焦作温县垆土
3,1101010501,2021/5/27,10.0,小白嘴白山药铁棍山药新鲜蔬菜铁杆淮山药5斤 非河南焦作温县垆土
3,1101010501,2021/5/28,10.0,小白嘴白山药铁棍山药新鲜蔬菜铁杆淮山药5斤 非河南焦作温县垆土
3,1101010501,2021/5/29,10.5,小白嘴白山药铁棍山药新鲜蔬菜铁杆淮山药5斤 非河南焦作温县垆土
3,1101010501,2021/5/30,10.5,小白嘴白山药铁棍山药新鲜蔬菜铁杆淮山药5斤 非河南焦作温县垆土
3,1101010501,2021/5/31,10.5,小白嘴白山药铁棍山药新鲜蔬菜铁杆淮山药5斤 非河南焦作温县垆土
3,1101010501,2021/6/1,10.5,小白嘴白山药铁棍山药新鲜蔬菜铁杆淮山药5斤 非河南焦作温县垆土
3,1101010501,2021/6/2,5.5,小白嘴白山药铁棍山药新鲜蔬菜铁杆淮山药5斤 非河南焦作温县垆土
3,1101010501,2021/6/3,10.5,小白嘴白山药铁棍山药新鲜蔬菜铁杆淮山药5斤 非河南焦作温县垆土
3,1101010501,2021/6/4,10.5,小白嘴白山药铁棍山药新鲜蔬菜铁杆淮山药5斤 非河南焦作温县垆土
3,1101010501,2021/6/5,10.5,小白嘴白山药铁棍山药新鲜蔬菜铁杆淮山药5斤 非河南焦作温县垆土
3,1101010501,2021/6/6,10.5,小白嘴白山药铁棍山药新鲜蔬菜铁杆淮山药5斤 非河南焦作温县垆土
3,1101010501,2021/6/7,10.5,小白嘴白山药铁棍山药新鲜蔬菜铁杆淮山药5斤 非河南焦作温县垆土
3,1101010501,2021/6/8,10.5,小白嘴白山药铁棍山药新鲜蔬菜铁杆淮山药5斤 非河南焦作温县垆土
3,1101010501,2021/6/9,10.5,小白嘴白山药铁棍山药新鲜蔬菜铁杆淮山药5斤 非河南焦作温县垆土
3,1101010501,2021/6/10,5.5,小白嘴白山药铁棍山药新鲜蔬菜铁杆淮山药5斤 非河南焦作温县垆土
3,1101010501,2021/6/11,10.5,小白嘴白山药铁棍山药新鲜蔬菜铁杆淮山药5斤 非河南焦作温县垆土
3,1101010501,2021/6/12,10.5,小白嘴白山药铁棍山药新鲜蔬菜铁杆淮山药5斤 非河南焦作温县垆土
3,1101010501,2021/6/13,10.5,小白嘴白山药铁棍山药新鲜蔬菜铁杆淮山药5斤 非河南焦作温县垆土
3,1101010501,2021/6/14,10.5,小白嘴白山药铁棍山药新鲜蔬菜铁杆淮山药5斤 非河南焦作温县垆土
